Region,Date,"Average Case/10,000","Average Death/10,000"
West,2020-01-21,0.0013132160885254724,0.0
West,2020-01-22,0.0013132160885254724,0.0
West,2020-01-23,0.0013132160885254724,0.0
West,2020-01-24,0.0013132160885254724,0.0
West,2020-01-25,0.0007831511648560776,0.0
West,2020-01-26,0.000909694285449419,0.0
West,2020-01-27,0.000909694285449419,0.0
West,2020-01-28,0.000909694285449419,0.0
West,2020-01-29,0.000909694285449419,0.0
West,2020-01-30,0.000909694285449419,0.0
West,2020-01-31,0.0010362374060427606,0.0
West,2020-02-01,0.0010362374060427606,0.0
West,2020-02-02,0.001415866767822785,0.0
West,2020-02-03,0.001415866767822785,0.0
West,2020-02-04,0.001415866767822785,0.0
West,2020-02-05,0.001415866767822785,0.0
West,2020-02-06,0.001415866767822785,0.0
West,2020-02-07,0.001415866767822785,0.0
West,2020-02-08,0.001415866767822785,0.0
West,2020-02-09,0.001415866767822785,0.0
West,2020-02-10,0.0015424098884161265,0.0
West,2020-02-11,0.0015424098884161265,0.0
West,2020-02-12,0.0015424098884161265,0.0
West,2020-02-13,0.0015424098884161265,0.0
West,2020-02-14,0.0015424098884161265,0.0
West,2020-02-15,0.0015424098884161265,0.0
West,2020-02-16,0.0015424098884161265,0.0
West,2020-02-17,0.0015424098884161265,0.0
West,2020-02-18,0.0015424098884161265,0.0
West,2020-02-19,0.0015424098884161265,0.0
West,2020-02-20,0.0016689530090094678,0.0
West,2020-02-21,0.0017954961296028093,0.0
West,2020-02-22,0.0017954961296028093,0.0
West,2020-02-23,0.0017954961296028093,0.0
West,2020-02-24,0.004675014547840437,0.0
West,2020-02-25,0.004156407183077139,0.0
West,2020-02-26,0.005421838389010555,0.0
West,2020-02-27,0.005421838389010555,0.0
West,2020-02-28,0.005378993315540594,0.0
West,2020-02-29,0.006427176942231368,0.0003283040221313681
West,2020-03-01,0.00963439781785757,0.0009849120663941043
West,2020-03-02,0.011920579752129132,0.0019698241327882086
West,2020-03-03,0.01531821687338814,0.003283040221313681
West,2020-03-04,0.02087549280832537,0.00367461580374172
West,2020-03-05,0.022212536428979118,0.0024497438691611466
West,2020-03-06,0.027986856813233256,0.0026686132172487253
West,2020-03-07,0.03562178738235503,0.0035440906095990403
West,2020-03-08,0.046761202214864676,0.0042006986538617765
West,2020-03-09,0.05876676130384061,0.004899487738322293
West,2020-03-10,0.08331106222794994,0.005379407474695231
West,2020-03-11,0.09386434558127611,0.005585087361712204
West,2020-03-12,0.12072239340449857,0.00639596456746193
West,2020-03-13,0.1244126131517041,0.005925267870079914
West,2020-03-14,0.15889123873883906,0.00662644430813208
West,2020-03-15,0.1829829244840312,0.006946390799047373
West,2020-03-16,0.23629167900646286,0.008323203748627871
West,2020-03-17,0.28599440054269687,0.009739424538214275
West,2020-03-18,0.3400476102631189,0.01213000494263758
West,2020-03-19,0.41779141032045847,0.013593523770570357
West,2020-03-20,0.5208041784160967,0.015262162517600961
West,2020-03-21,0.6223296155392432,0.017581981393002866
West,2020-03-22,0.7236582915837663,0.0188736103008332
West,2020-03-23,0.8752714172062717,0.022183255662818684
West,2020-03-24,1.0523313589465153,0.02615041334169484
West,2020-03-25,1.2504373661615718,0.031135087171292358
West,2020-03-26,1.5927013600473399,0.03786039274910516
West,2020-03-27,1.9348657093026662,0.04601255610323701
West,2020-03-28,2.2655020915336825,0.05339789367284393
West,2020-03-29,2.593704393345607,0.05757502173095452
West,2020-03-30,2.913760434620956,0.06682580319291588
West,2020-03-31,3.246440655756763,0.07811123958531235
West,2020-04-01,3.6531089621876958,0.08764389205620685
West,2020-04-02,4.212198782929964,0.09761656532203535
West,2020-04-03,4.627246596253798,0.10705502063649357
West,2020-04-04,5.080481801209748,0.11846502180343142
West,2020-04-05,5.4456591825228235,0.1260107843786743
West,2020-04-06,5.734697757362332,0.1430688484960793
West,2020-04-07,5.986946098653286,0.15719202884369177
West,2020-04-08,6.314029624953282,0.175442425329612
West,2020-04-09,6.885718726563273,0.19258110522211028
West,2020-04-10,7.209563468423691,0.20733557734945846
West,2020-04-11,7.524841829759248,0.22604336852689202
West,2020-04-12,7.8243202713805555,0.23324954584388774
West,2020-04-13,8.098027153650701,0.24745733160984237
West,2020-04-14,8.307047391239506,0.26731486913919145
West,2020-04-15,8.576058671756503,0.2850839094735776
West,2020-04-16,8.869360153100502,0.29723368725555804
West,2020-04-17,9.201124852084376,0.3133629413236234
West,2020-04-18,9.500380587680171,0.3280576719039654
West,2020-04-19,9.701193153066358,0.33530789635838026
West,2020-04-20,10.048066950090323,0.351699103744168
West,2020-04-21,10.326955721664481,0.3761915237077752
West,2020-04-22,10.640343292767236,0.4025523747324688
West,2020-04-23,10.982717755610736,0.42152608065137265
West,2020-04-24,11.456526249413105,0.45281641929235483
West,2020-04-25,11.830359585706812,0.4595165892983698
West,2020-04-26,12.14698262537222,0.4648315660909012
West,2020-04-27,12.414872147816292,0.48064242021690107
West,2020-04-28,12.704630997534503,0.49934197025378757
West,2020-04-29,13.052174118669353,0.5150877080363616
West,2020-04-30,13.414646031489449,0.5272932939615963
West,2020-05-01,13.769446859472824,0.5433736111187935
West,2020-05-02,14.095805396316145,0.5521894191079694
West,2020-05-03,14.414748336556023,0.5579091377937186
West,2020-05-04,14.697061290182921,0.5637075187151992
West,2020-05-05,14.98907288533799,0.5867078829704068
West,2020-05-06,15.400320971649082,0.6011900824253079
West,2020-05-07,15.720446755351773,0.6159707909381892
West,2020-05-08,16.06542895234465,0.6269877545855728
West,2020-05-09,16.41377599687864,0.6364302438332825
West,2020-05-10,16.648167521946483,0.6406318413127826
West,2020-05-11,16.883058008512617,0.652517256193404
West,2020-05-12,17.161412892766762,0.6664290222681412
West,2020-05-13,17.481915529905674,0.6862349165873346
West,2020-05-14,17.805445408631755,0.7001175039121112
West,2020-05-15,18.15676141848528,0.7214168816212303
West,2020-05-16,18.480242909863403,0.7340748903545155
West,2020-05-17,18.738468675120878,0.7426445529683074
West,2020-05-18,19.027703587397944,0.7556396309737414
West,2020-05-19,19.306738954110063,0.7764402576603561
West,2020-05-20,19.624840477053713,0.7930391121570806
West,2020-05-21,19.933530987069357,0.8035265882992201
West,2020-05-22,20.254078554839513,0.8133865032290761
West,2020-05-23,20.634784470742822,0.8194946291496311
West,2020-05-24,20.878615671853577,0.8230842944934437
West,2020-05-25,21.148352065326687,0.8258728419609478
West,2020-05-26,21.43852021472083,0.838404278857338
West,2020-05-27,21.701767712944253,0.8574642384284775
West,2020-05-28,22.058634758116824,0.8727390707021869
West,2020-05-29,22.508280467301333,0.8812354240437936
West,2020-05-30,22.929579711180523,0.890138052346156
West,2020-05-31,23.277227637006273,0.8923793600322001
West,2020-06-01,23.61453411763544,0.9003401863222672
West,2020-06-02,23.9365985606253,0.9071458847626235
West,2020-06-03,24.281544588590037,0.9187834886991116
West,2020-06-04,24.690932848859973,0.9247295205369218
West,2020-06-05,25.24677452112938,0.9354912780141892
West,2020-06-06,25.69974883438376,0.9398792046515508
West,2020-06-07,26.058226200066574,0.9412626332068921
West,2020-06-08,26.47456299942915,0.9482930921074957
West,2020-06-09,26.86260316840755,0.9595016017682887
West,2020-06-10,27.242156752663654,0.9700049661073253
West,2020-06-11,27.751053874467626,0.9823041964869438
West,2020-06-12,28.25256451667802,0.9921043115297347
West,2020-06-13,28.793086294487196,0.9966733387978907
West,2020-06-14,29.147129969926343,1.0005790854233727
West,2020-06-15,29.64723531675781,1.0068295019002629
West,2020-06-16,30.208645673320568,1.0146365250021712
West,2020-06-17,30.772137808183253,1.0237396936579697
West,2020-06-18,31.47536038252645,1.0331446885586244
West,2020-06-19,32.217612940317,1.0443020570215655
West,2020-06-20,32.94236166729332,1.051026533480563
West,2020-06-21,33.50386682237492,1.0540102658244808
West,2020-06-22,34.35418970249556,1.0595435086734384
West,2020-06-23,35.13810051497331,1.0680035434923079
West,2020-06-24,35.984422486871324,1.074395159170595
West,2020-06-25,36.966990623706636,1.0798693934724384
West,2020-06-26,38.04078545341003,1.0871004501105173
West,2020-06-27,39.04519514442304,1.0907022849299417
West,2020-06-28,39.990804369434635,1.0914506444220873
West,2020-06-29,41.14745462676987,1.0981890545990922
West,2020-06-30,42.28938916168404,1.1079279471955168
West,2020-07-01,43.393841072356125,1.1151038765865593
West,2020-07-02,44.67494425374123,1.1255992931193268
West,2020-07-03,46.0022755890376,1.1345089173582177
West,2020-07-04,47.28540468348555,1.1358437577559846
West,2020-07-05,48.41561842835357,1.1417898809191513
West,2020-07-06,49.586758661742294,1.1478554326746762
West,2020-07-07,50.98139943618515,1.1633457768499402
West,2020-07-08,52.260303886728934,1.1769884411277896
West,2020-07-09,53.77003825355908,1.1956084033977135
West,2020-07-10,55.352830590525414,1.2112084281904356
West,2020-07-11,56.85751402510383,1.2209008429739985
West,2020-07-12,58.17537552411248,1.2256157005291266
West,2020-07-13,59.91765003469558,1.2327227241973293
West,2020-07-14,61.54060568636776,1.258666922050104
West,2020-07-15,63.13534770021283,1.2769450941823708
West,2020-07-16,65.16510772001509,1.29221148442997
West,2020-07-17,67.0900065981101,1.3093237771230324
West,2020-07-18,68.85271723472412,1.319851220081124
West,2020-07-19,70.45902255833364,1.321805573107882
West,2020-07-20,72.06040502361012,1.3330672429613974
West,2020-07-21,73.66127588733046,1.3592928117784258
West,2020-07-22,75.39416505860484,1.3852790080109616
West,2020-07-23,77.17059540096407,1.4048057857032323
West,2020-07-24,79.12872791741391,1.4311809836774059
West,2020-07-25,80.82913010284672,1.4408166738311325
West,2020-07-26,82.05697323778689,1.4437250221750215
West,2020-07-27,83.62118651500694,1.4598318578161142
West,2020-07-28,85.27769143759635,1.4958520838665355
West,2020-07-29,86.98076646771202,1.524838409832352
West,2020-07-30,88.64093606046626,1.5450327305227047
West,2020-07-31,90.27988968453462,1.580299307512946
West,2020-08-01,91.75955719894549,1.5948227757468532
West,2020-08-02,93.04029038586208,1.5975967154325112
West,2020-08-03,94.33444867772614,1.6171195738078938
West,2020-08-04,95.7772920816974,1.6426779806061362
West,2020-08-05,97.12169159966808,1.6653464080476763
West,2020-08-06,98.71272677169803,1.682312601338372
West,2020-08-07,100.3351891299116,1.7128081323492668
West,2020-08-08,101.66453585182275,1.736069659342184
West,2020-08-09,102.78155810826287,1.746167739967067
West,2020-08-10,104.10198598466985,1.7574212519090775
West,2020-08-11,105.4423755237675,1.7860050632695614
West,2020-08-12,106.73704657334659,1.8057822586199617
Southwest,2020-01-26,0.001373868499077516,0.0
Southwest,2020-01-27,0.001373868499077516,0.0
Southwest,2020-01-28,0.001373868499077516,0.0
Southwest,2020-01-29,0.001373868499077516,0.0
Southwest,2020-01-30,0.001373868499077516,0.0
Southwest,2020-01-31,0.001373868499077516,0.0
Southwest,2020-02-01,0.001373868499077516,0.0
Southwest,2020-02-02,0.001373868499077516,0.0
Southwest,2020-02-03,0.001373868499077516,0.0
Southwest,2020-02-04,0.001373868499077516,0.0
Southwest,2020-02-05,0.001373868499077516,0.0
Southwest,2020-02-06,0.001373868499077516,0.0
Southwest,2020-02-07,0.001373868499077516,0.0
Southwest,2020-02-08,0.001373868499077516,0.0
Southwest,2020-02-09,0.001373868499077516,0.0
Southwest,2020-02-10,0.001373868499077516,0.0
Southwest,2020-02-11,0.001373868499077516,0.0
Southwest,2020-02-12,0.0008593725348248647,0.0
Southwest,2020-02-13,0.0010318108201109713,0.0
Southwest,2020-02-14,0.0010318108201109713,0.0
Southwest,2020-02-15,0.0010318108201109713,0.0
Southwest,2020-02-16,0.0010318108201109713,0.0
Southwest,2020-02-17,0.0010318108201109713,0.0
Southwest,2020-02-18,0.0010318108201109713,0.0
Southwest,2020-02-19,0.0010318108201109713,0.0
Southwest,2020-02-20,0.0010318108201109713,0.0
Southwest,2020-02-21,0.0013766873906831847,0.0
Southwest,2020-02-22,0.0013766873906831847,0.0
Southwest,2020-02-23,0.0013766873906831847,0.0
Southwest,2020-02-24,0.002411317102399825,0.0
Southwest,2020-02-25,0.002411317102399825,0.0
Southwest,2020-02-26,0.002411317102399825,0.0
Southwest,2020-02-27,0.002411317102399825,0.0
Southwest,2020-02-28,0.0025837553876859316,0.0
Southwest,2020-02-29,0.0025837553876859316,0.0
Southwest,2020-03-01,0.0025837553876859316,0.0
Southwest,2020-03-02,0.0025837553876859316,0.0
Southwest,2020-03-03,0.0032706896372246895,0.0
Southwest,2020-03-04,0.003443127922510796,0.0
Southwest,2020-03-05,0.004132881063655223,0.0
Southwest,2020-03-06,0.004400481968348189,0.0
Southwest,2020-03-07,0.005316394301066533,0.0
Southwest,2020-03-08,0.0057762297284961505,0.0
Southwest,2020-03-09,0.006349144751712727,0.0
Southwest,2020-03-10,0.007996251938694547,0.0
Southwest,2020-03-11,0.011969134725749238,0.0
Southwest,2020-03-12,0.015043440922960708,0.0
Southwest,2020-03-13,0.02191006885176169,0.0
Southwest,2020-03-14,0.02809750677097897,0.0
Southwest,2020-03-15,0.036685676143895986,0.0
Southwest,2020-03-16,0.04503924466184832,8.621914264305334e-05
Southwest,2020-03-17,0.054803266811552065,8.621914264305334e-05
Southwest,2020-03-18,0.0756352953175428,0.0001724382852861067
Southwest,2020-03-19,0.1070540219571509,0.0009766729623072047
Southwest,2020-03-20,0.1395492016945311,0.0014063592297196368
Southwest,2020-03-21,0.18432742286163084,0.0014063592297196368
Southwest,2020-03-22,0.22747283480704936,0.002554061031510114
Southwest,2020-03-23,0.29327330259749407,0.002554061031510114
Southwest,2020-03-24,0.3720581582471755,0.004904602492894834
Southwest,2020-03-25,0.4740157095415532,0.007532910089684445
Southwest,2020-03-26,0.6262663303012694,0.010173190263837612
Southwest,2020-03-27,0.8295068231141649,0.01355413309953047
Southwest,2020-03-28,0.9593531766509711,0.019600080082924198
Southwest,2020-03-29,1.1077231215081693,0.02169337356218259
Southwest,2020-03-30,1.3058907863863463,0.02634506782859697
Southwest,2020-03-31,1.4883384758064935,0.03365040177519154
Southwest,2020-04-01,1.7519136985474801,0.04167234181036132
Southwest,2020-04-02,2.0123410631319727,0.04874589379359688
Southwest,2020-04-03,2.3203599669978776,0.058462656260828645
Southwest,2020-04-04,2.6404254647747547,0.06854542156175407
Southwest,2020-04-05,2.927306383845723,0.07707765174090736
Southwest,2020-04-06,3.2053396558937672,0.08325007535468068
Southwest,2020-04-07,3.5337363108626447,0.09953770996574281
Southwest,2020-04-08,3.7831473382210135,0.11327844219254637
Southwest,2020-04-09,4.259542686205931,0.12103895094246005
Southwest,2020-04-10,4.561613316837189,0.13303621412606617
Southwest,2020-04-11,4.884094694044268,0.1439189857666042
Southwest,2020-04-12,5.132308232729201,0.1566684100146474
Southwest,2020-04-13,5.431370680070938,0.1683697336267096
Southwest,2020-04-14,5.684023811231287,0.18825194211782392
Southwest,2020-04-15,5.948555861843327,0.20346180425386856
Southwest,2020-04-16,6.306967163524066,0.22433429056693122
Southwest,2020-04-17,6.708608851688899,0.24624071667398792
Southwest,2020-04-18,7.020120998754969,0.255166626487365
Southwest,2020-04-19,7.210924826452958,0.2619667520908415
Southwest,2020-04-20,7.5099094092895555,0.27019375507731624
Southwest,2020-04-21,7.8536001290789095,0.3018640468815606
Southwest,2020-04-22,8.215241434947814,0.3217145955883504
Southwest,2020-04-23,8.681709269703932,0.34617787910138353
Southwest,2020-04-24,9.095852191708888,0.36486510359109603
Southwest,2020-04-25,9.459991219885708,0.38498074884498634
Southwest,2020-04-26,9.722728853923071,0.39466020665146395
Southwest,2020-04-27,9.985706166978211,0.40386822235589176
Southwest,2020-04-28,10.404393874147248,0.42757173449990943
Southwest,2020-04-29,10.898918297696358,0.44143332809102065
Southwest,2020-04-30,11.486094067574596,0.4682077419479406
Southwest,2020-05-01,11.907186792693826,0.48839047511985884
Southwest,2020-05-02,12.465509249462734,0.5127796234858498
Southwest,2020-05-03,12.852107947135856,0.5314714330848223
Southwest,2020-05-04,13.280027374304414,0.5395020751484232
Southwest,2020-05-05,13.691942825803784,0.567211301807994
Southwest,2020-05-06,14.158770961491319,0.5925820710017808
Southwest,2020-05-07,14.669855686403046,0.6114974797444261
Southwest,2020-05-08,15.253323337164101,0.6527384673403375
Southwest,2020-05-09,15.647390209846648,0.6746683419105157
Southwest,2020-05-10,15.96832117180954,0.6901055513687981
Southwest,2020-05-11,16.400732574204437,0.705296075976515
Southwest,2020-05-12,16.88531242235041,0.730566658411789
Southwest,2020-05-13,17.42119836916583,0.7589688138759614
Southwest,2020-05-14,17.94360622292868,0.7905758240526171
Southwest,2020-05-15,18.538283571547062,0.8173899168977885
Southwest,2020-05-16,19.088724422411943,0.8386426190140287
Southwest,2020-05-17,19.431386478461697,0.8483814430157186
Southwest,2020-05-18,19.838162469372268,0.8569209432603608
Southwest,2020-05-19,20.25752260141487,0.877755212158472
Southwest,2020-05-20,20.683586312517928,0.9073055435989009
Southwest,2020-05-21,21.17285341231815,0.9322651496400477
Southwest,2020-05-22,21.642692543240678,0.9493723011043282
Southwest,2020-05-23,22.15717586272911,0.9693656162573678
Southwest,2020-05-24,22.5366230477909,0.9813879827035125
Southwest,2020-05-25,22.783253332841383,0.9885478652476284
Southwest,2020-05-26,23.106569555349644,0.9993912032535293
Southwest,2020-05-27,23.60676103910304,1.018896786488649
Southwest,2020-05-28,24.086142521446227,1.0392321593206548
Southwest,2020-05-29,24.63205485552038,1.0638030335930666
Southwest,2020-05-30,25.22419374631614,1.0841631529157596
Southwest,2020-05-31,25.727244722169686,1.0917584709287367
Southwest,2020-06-01,26.061590718265386,1.104068365305887
Southwest,2020-06-02,26.953454964658604,1.1249655163017571
Southwest,2020-06-03,27.6411280686981,1.1524374571501341
Southwest,2020-06-04,28.31014781409427,1.1720379165220491
Southwest,2020-06-05,29.45632053834017,1.185348429016234
Southwest,2020-06-06,30.189841167296784,1.2045155818931708
Southwest,2020-06-07,30.972608470661974,1.211120733502437
Southwest,2020-06-08,31.55910697062159,1.218125899540079
Southwest,2020-06-09,32.09599654789045,1.236196838635106
Southwest,2020-06-10,33.10210827526367,1.2561308101100728
Southwest,2020-06-11,34.03787692383761,1.2830551561537122
Southwest,2020-06-12,35.12525747633405,1.3015367842269132
Southwest,2020-06-13,36.112397925998565,1.3209018414079035
Southwest,2020-06-14,36.8617287898184,1.3275621308749734
Southwest,2020-06-15,37.674330677891014,1.338941225043625
Southwest,2020-06-16,39.07704340557478,1.3614201038643439
Southwest,2020-06-17,40.33778316079083,1.37987769788172
Southwest,2020-06-18,41.88789077986395,1.4012080735646881
Southwest,2020-06-19,43.73160047397217,1.4260722249695543
Southwest,2020-06-20,45.63968630451591,1.4392271971041657
Southwest,2020-06-21,47.23415259256153,1.445242196738097
Southwest,2020-06-22,48.65771542619748,1.4481680098047494
Southwest,2020-06-23,50.70056208933568,1.4757353234815276
Southwest,2020-06-24,52.375024517015746,1.5088015381560642
Southwest,2020-06-25,54.425781978481254,1.528775744601628
Southwest,2020-06-26,56.59406530244635,1.552769047585911
Southwest,2020-06-27,58.75066384367752,1.5777926180091255
Southwest,2020-06-28,60.84071348850661,1.5849439549773265
Southwest,2020-06-29,61.91902008231674,1.5894069211425847
Southwest,2020-06-30,64.8181419227103,1.6160659703197884
Southwest,2020-07-01,67.52909065361092,1.6518311189288286
Southwest,2020-07-02,69.87894689023445,1.6767310541304086
Southwest,2020-07-03,72.69896736737087,1.704581771725803
Southwest,2020-07-04,74.83033806081943,1.7166823084302811
Southwest,2020-07-05,76.82676621944015,1.7211544282812974
Southwest,2020-07-06,79.36784792137219,1.7303743276619905
Southwest,2020-07-07,82.26070531783796,1.7807523181723817
Southwest,2020-07-08,85.10936915024507,1.8161846825371533
Southwest,2020-07-09,88.10884130829984,1.859444650663085
Southwest,2020-07-10,91.12644002311461,1.8941207370442483
Southwest,2020-07-11,93.59144591081598,1.9310130622085822
Southwest,2020-07-12,95.60121900712367,1.965299014468426
Southwest,2020-07-13,97.50007059071838,1.9796942577655443
Southwest,2020-07-14,100.77928117128215,2.028779584670054
Southwest,2020-07-15,103.99746087082539,2.0853075081195724
Southwest,2020-07-16,107.18486598783673,2.1303193130624205
Southwest,2020-07-17,110.16586870737046,2.1820760014259224
Southwest,2020-07-18,112.78487351113513,2.2445036036964754
Southwest,2020-07-19,114.6786265673013,2.264168873820697
Southwest,2020-07-20,116.30970410828878,2.2933700493931073
Southwest,2020-07-21,119.26065502634222,2.3669342822259365
Southwest,2020-07-22,121.85556792954876,2.4161480440957557
Southwest,2020-07-23,124.31382692006504,2.471814399652608
Southwest,2020-07-24,127.21721187882716,2.5267344322475704
Southwest,2020-07-25,130.1433815547405,2.5976709205591737
Southwest,2020-07-26,132.25814224008346,2.6221908189272316
Southwest,2020-07-27,134.78945582399146,2.733560084506
Southwest,2020-07-28,137.53286429211974,2.80595727689987
Southwest,2020-07-29,140.07254320659018,2.8650008223669574
Southwest,2020-07-30,142.8280549480279,2.944250339581562
Southwest,2020-07-31,145.48281188192215,3.003253791106647
Southwest,2020-08-01,148.06279337533533,3.056720887613922
Southwest,2020-08-02,149.57410702059855,3.0699599724344324
Southwest,2020-08-03,151.05955574277596,3.0925403075983313
Southwest,2020-08-04,153.0233684182403,3.149732889257159
Southwest,2020-08-05,155.3783677893184,3.2170417356960677
Southwest,2020-08-06,157.31830605841296,3.271856233028357
Southwest,2020-08-07,159.23391009786388,3.3348787585750226
Southwest,2020-08-08,160.8691391966313,3.380407203879927
Southwest,2020-08-09,162.20092994781328,3.3978336106109563
Southwest,2020-08-10,163.37828317022957,3.413673453069885
Southwest,2020-08-11,165.15390050154224,3.463159966825662
Southwest,2020-08-12,166.62607785729404,3.5491436798921443
Southeast,2020-03-01,0.0009311968015997215,0.0
Southeast,2020-03-02,0.0014074465309911511,0.0
Southeast,2020-03-03,0.00141131815315178,0.0
Southeast,2020-03-04,0.00141131815315178,0.0
Southeast,2020-03-05,0.0015409646981055266,0.0
Southeast,2020-03-06,0.002596455322720469,0.00015519946693328692
Southeast,2020-03-07,0.0032636701974725216,0.00013302811451424592
Southeast,2020-03-08,0.006523243486117249,0.00013302811451424592
Southeast,2020-03-09,0.00848217088059801,0.00011639960019996519
Southeast,2020-03-10,0.012972647752384298,0.00011639960019996519
Southeast,2020-03-11,0.014208914509483073,9.311968015997215e-05
Southeast,2020-03-12,0.021343000734977285,0.0001873044931791012
Southeast,2020-03-13,0.03131744344068187,0.0001702768119810011
Southeast,2020-03-14,0.04827235565003591,0.0005146648895685868
Southeast,2020-03-15,0.06717511258565581,0.0007102190287906967
Southeast,2020-03-16,0.08413657343029786,0.0013281488634835769
Southeast,2020-03-17,0.10471921718583303,0.0017512166903354883
Southeast,2020-03-18,0.14727690541009053,0.0023055071673412264
Southeast,2020-03-19,0.2141755393433303,0.0038980213686913645
Southeast,2020-03-20,0.3114589110768503,0.004574476039698123
Southeast,2020-03-21,0.42040966974394667,0.006726754976454912
Southeast,2020-03-22,0.5202529057135962,0.00820671700495409
Southeast,2020-03-23,0.6702843050860431,0.011234033219514116
Southeast,2020-03-24,0.8316526380442001,0.015618531313444282
Southeast,2020-03-25,1.0731238380603283,0.021906984944370746
Southeast,2020-03-26,1.347054096795106,0.027698335716931727
Southeast,2020-03-27,1.6199220231357532,0.037821602167138355
Southeast,2020-03-28,1.9143257708366475,0.04544843132285852
Southeast,2020-03-29,2.150213693610145,0.050907744526463454
Southeast,2020-03-30,2.4387341679312535,0.06253392828845641
Southeast,2020-03-31,2.9652749839795165,0.07879803170138654
Southeast,2020-04-01,3.5125041809552995,0.09324987727035851
Southeast,2020-04-02,4.306978826335278,0.11030552189078012
Southeast,2020-04-03,4.819946380893904,0.13004559224546672
Southeast,2020-04-04,5.514602389430884,0.14691181420966584
Southeast,2020-04-05,5.920518390937735,0.16617877200011882
Southeast,2020-04-06,6.556768712235457,0.18824696345145386
Southeast,2020-04-07,7.288598676676769,0.21737597321250118
Southeast,2020-04-08,7.788553736224038,0.24003376787606262
Southeast,2020-04-09,8.424250434235654,0.26981884728327293
Southeast,2020-04-10,9.012046094493583,0.28956664354879363
Southeast,2020-04-11,9.50575762879215,0.31025775105068104
Southeast,2020-04-12,9.844182328801946,0.321871466368323
Southeast,2020-04-13,10.336186946987354,0.34250811152574195
Southeast,2020-04-14,10.738623629011052,0.3846354141463772
Southeast,2020-04-15,11.170960306881742,0.42232819223241114
Southeast,2020-04-16,11.664078493884386,0.44755959610897755
Southeast,2020-04-17,12.192118166030424,0.47854486719252437
Southeast,2020-04-18,12.61535098541776,0.4985572627732683
Southeast,2020-04-19,13.071035889744653,0.5148466514358295
Southeast,2020-04-20,13.542094546282875,0.5411937885823351
Southeast,2020-04-21,14.051477294309917,0.5781558836302407
Southeast,2020-04-22,14.547678025023918,0.621173187573061
Southeast,2020-04-23,15.155986264594702,0.6480221058422132
Southeast,2020-04-24,15.714302626029795,0.6758280190108811
Southeast,2020-04-25,16.19380664909334,0.6974846922094406
Southeast,2020-04-26,16.628318265585616,0.7111738332176374
Southeast,2020-04-27,17.005550788700727,0.7276442347884864
Southeast,2020-04-28,17.44343691519548,0.7633439093218064
Southeast,2020-04-29,17.879500197493556,0.7979149163544511
Southeast,2020-04-30,18.397650467090497,0.8283896544672272
Southeast,2020-05-01,19.163543818333945,0.8635155313099206
Southeast,2020-05-02,19.7231652711007,0.8848216968507407
Southeast,2020-05-03,20.15973264449153,0.9012578898689604
Southeast,2020-05-04,20.66282398909845,0.9282188555804429
Southeast,2020-05-05,21.192931065317225,0.9665911701887449
Southeast,2020-05-06,21.59730747737789,1.0023533405439167
Southeast,2020-05-07,22.20460740080195,1.0369911222036945
Southeast,2020-05-08,22.688399260707694,1.0599030197995616
Southeast,2020-05-09,23.22179384251444,1.080077809774701
Southeast,2020-05-10,23.679292530578312,1.0902869284996821
Southeast,2020-05-11,24.080611311089086,1.1104540870495205
Southeast,2020-05-12,24.598516519163603,1.1463865680055563
Southeast,2020-05-13,25.115562751402873,1.1691526845244433
Southeast,2020-05-14,25.850612660984673,1.1978008150407855
Southeast,2020-05-15,26.42195175015375,1.2212439452305153
Southeast,2020-05-16,26.99016155596317,1.2393368484935605
Southeast,2020-05-17,27.387701763900097,1.2494707522006456
Southeast,2020-05-18,27.87731991469908,1.2733100967701145
Southeast,2020-05-19,28.425172027757256,1.3005773080360739
Southeast,2020-05-20,28.987826560711998,1.326761884533117
Southeast,2020-05-21,29.874838734553922,1.3518371403320408
Southeast,2020-05-22,30.552958497431483,1.3778235304633328
Southeast,2020-05-23,31.17410206762293,1.3959317437694623
Southeast,2020-05-24,31.625573401636185,1.4051501974148903
Southeast,2020-05-25,32.26383267828627,1.4195978309636088
Southeast,2020-05-26,32.97411978645166,1.4394630308486849
Southeast,2020-05-27,33.56311752677536,1.4690684971200312
Southeast,2020-05-28,34.23363883154526,1.495583133400407
Southeast,2020-05-29,34.94861146238832,1.5216448931837838
Southeast,2020-05-30,35.7350671318417,1.5384851710455865
Southeast,2020-05-31,36.40829548087696,1.5507026369030805
Southeast,2020-06-01,37.064408969799324,1.5648637028711112
Southeast,2020-06-02,37.77485771002715,1.5924482093773469
Southeast,2020-06-03,38.40346687862694,1.6164548396544571
Southeast,2020-06-04,39.16255169725114,1.636992847839195
Southeast,2020-06-05,39.862315405672994,1.6607115910755998
Southeast,2020-06-06,40.765768915220946,1.6744923895739652
Southeast,2020-06-07,41.45601564579374,1.6811580082352178
Southeast,2020-06-08,42.2096425557729,1.7006549320522533
Southeast,2020-06-09,42.99171606436121,1.7259282758627736
Southeast,2020-06-10,43.751126409773114,1.749106246564216
Southeast,2020-06-11,44.58012632690663,1.7693871024891088
Southeast,2020-06-12,45.757384742077065,1.7921119461494872
Southeast,2020-06-13,46.953221851816885,1.8037954361472797
Southeast,2020-06-14,47.862734662921625,1.8085374183708265
Southeast,2020-06-15,48.74936332961123,1.8177833321673267
Southeast,2020-06-16,49.607187107419584,1.8433032519802992
Southeast,2020-06-17,50.61269614129746,1.866858934756277
Southeast,2020-06-18,51.71033818515849,1.8837976605064255
Southeast,2020-06-19,52.66010148545443,1.900733330924259
Southeast,2020-06-20,53.83106849980312,1.9153670273404229
Southeast,2020-06-21,54.697449061150316,1.920258516197584
Southeast,2020-06-22,55.95538981590499,1.9382583331687777
Southeast,2020-06-23,57.345024469928696,1.9674272179536425
Southeast,2020-06-24,58.87935710052875,1.9914911189165492
Southeast,2020-06-25,60.561982199954954,2.0077796065440507
Southeast,2020-06-26,62.40240482640157,2.027969963203435
Southeast,2020-06-27,63.97980720568918,2.045540685600202
Southeast,2020-06-28,65.46781821375377,2.053218073401611
Southeast,2020-06-29,67.18958686156164,2.0661429181114292
Southeast,2020-06-30,68.97278500864508,2.0918977901662226
Southeast,2020-07-01,70.92253474239695,2.1175811653009
Southeast,2020-07-02,73.24928525176101,2.1401042889474584
Southeast,2020-07-03,75.64647365208097,2.1620075746463843
Southeast,2020-07-04,77.58046927426248,2.1701152557741894
Southeast,2020-07-05,79.48850357621626,2.1777513631823524
Southeast,2020-07-06,81.18803288680475,2.18977053886722
Southeast,2020-07-07,83.0773883825999,2.2277883153570928
Southeast,2020-07-08,85.47118467438177,2.2623468291828006
Southeast,2020-07-09,87.95322755056407,2.289539078327756
Southeast,2020-07-10,90.89508220654825,2.3207770554874014
Southeast,2020-07-11,93.68585761480927,2.3461729495436394
Southeast,2020-07-12,96.093132601195,2.3614054306258576
Southeast,2020-07-13,98.65982918638565,2.3728009375975594
Southeast,2020-07-14,101.34761897048374,2.4099731239023754
Southeast,2020-07-15,104.1069209986867,2.440510028472393
Southeast,2020-07-16,107.1499010855488,2.4797959447241515
Southeast,2020-07-17,110.0709663991348,2.5187287362122586
Southeast,2020-07-18,112.66218997006233,2.545151784155427
Southeast,2020-07-19,115.65866614355862,2.563064259775767
Southeast,2020-07-20,118.41731025732322,2.579253572059207
Southeast,2020-07-21,121.19109613878992,2.6270460838125826
Southeast,2020-07-22,124.19138692153295,2.6872444080281395
Southeast,2020-07-23,127.28902751729555,2.7256791852649433
Southeast,2020-07-24,130.54601609707882,2.7731126936626795
Southeast,2020-07-25,133.19479419380102,2.811125646051677
Southeast,2020-07-26,136.0081092679911,2.836003066797719
Southeast,2020-07-27,138.63115944889057,2.8582105713164743
Southeast,2020-07-28,141.2738744128386,2.9117021813356416
Southeast,2020-07-29,144.0289005907819,2.9733955379373094
Southeast,2020-07-30,147.05599868462403,3.0299665451237345
Southeast,2020-07-31,150.00503476496397,3.086893062177295
Southeast,2020-08-01,152.34801818028615,3.128705300621645
Southeast,2020-08-02,154.8535947034988,3.1575834519201287
Southeast,2020-08-03,156.69520482778145,3.176369873592764
Southeast,2020-08-04,159.2930258125296,3.238989299457703
Southeast,2020-08-05,161.58825484203288,3.302352325044005
Southeast,2020-08-06,164.05847376829328,3.35112682208968
Southeast,2020-08-07,166.84856292543404,3.4001599388491206
Southeast,2020-08-08,169.27780196813805,3.4407602045934347
Southeast,2020-08-09,171.44637772828867,3.475506495294045
Southeast,2020-08-10,172.96602038172998,3.5047742414717797
Southeast,2020-08-11,174.76637988177836,3.5714525802571493
Southeast,2020-08-12,177.0131038065618,3.634069880664048
Midwest,2020-01-24,0.0007891525614195466,0.0
Midwest,2020-01-25,0.0007891525614195466,0.0
Midwest,2020-01-26,0.0007891525614195466,0.0
Midwest,2020-01-27,0.0007891525614195466,0.0
Midwest,2020-01-28,0.0007891525614195466,0.0
Midwest,2020-01-29,0.0007891525614195466,0.0
Midwest,2020-01-30,0.0015783051228390932,0.0
Midwest,2020-01-31,0.0015783051228390932,0.0
Midwest,2020-02-01,0.0015783051228390932,0.0
Midwest,2020-02-02,0.0015783051228390932,0.0
Midwest,2020-02-03,0.0015783051228390932,0.0
Midwest,2020-02-04,0.0015783051228390932,0.0
Midwest,2020-02-05,0.0016478999512568554,0.0
Midwest,2020-02-06,0.0016478999512568554,0.0
Midwest,2020-02-07,0.0016478999512568554,0.0
Midwest,2020-02-08,0.0016478999512568554,0.0
Midwest,2020-02-09,0.0016478999512568554,0.0
Midwest,2020-02-10,0.0016478999512568554,0.0
Midwest,2020-02-11,0.0016478999512568554,0.0
Midwest,2020-02-12,0.0016478999512568554,0.0
Midwest,2020-02-13,0.0016478999512568554,0.0
Midwest,2020-02-14,0.0016478999512568554,0.0
Midwest,2020-02-15,0.0016478999512568554,0.0
Midwest,2020-02-16,0.0016478999512568554,0.0
Midwest,2020-02-17,0.01833040077340143,0.0
Midwest,2020-02-18,0.01833040077340143,0.0
Midwest,2020-02-19,0.01833040077340143,0.0
Midwest,2020-02-20,0.02005358085399112,0.0
Midwest,2020-02-21,0.02005358085399112,0.0
Midwest,2020-02-22,0.02005358085399112,0.0
Midwest,2020-02-23,0.02005358085399112,0.0
Midwest,2020-02-24,0.021776760934580804,0.0
Midwest,2020-02-25,0.02349994101517049,0.0
Midwest,2020-02-26,0.02349994101517049,0.0
Midwest,2020-02-27,0.02349994101517049,0.0
Midwest,2020-02-28,0.02349994101517049,0.0
Midwest,2020-02-29,0.023762991868977002,0.0
Midwest,2020-03-01,0.023762991868977002,0.0
Midwest,2020-03-02,0.024026042722783518,0.0
Midwest,2020-03-03,0.024026042722783518,0.0
Midwest,2020-03-04,0.024026042722783518,0.0
Midwest,2020-03-05,0.024289093576590034,0.0
Midwest,2020-03-06,0.01641690664290095,0.0
Midwest,2020-03-07,0.012449485326967229,0.0
Midwest,2020-03-08,0.013880211921664633,0.0
Midwest,2020-03-09,0.015255621286688609,0.0
Midwest,2020-03-10,0.020873990418593974,0.0010276173181880351
Midwest,2020-03-11,0.027712541764731206,0.0009419825416723656
Midwest,2020-03-12,0.03231868596556335,0.001228025629830159
Midwest,2020-03-13,0.04026373767274001,0.001228025629830159
Midwest,2020-03-14,0.04755759714401093,0.001228025629830159
Midwest,2020-03-15,0.057478724997529825,0.001228025629830159
Midwest,2020-03-16,0.06749552891841389,0.0013518084915186057
Midwest,2020-03-17,0.08957375234271106,0.0015413540666586812
Midwest,2020-03-18,0.11899808157109719,0.0017605759871611904
Midwest,2020-03-19,0.1869097656015875,0.0024109992624048097
Midwest,2020-03-20,0.2554074935645487,0.0034175274525096895
Midwest,2020-03-21,0.32609738718636005,0.004493473440326775
Midwest,2020-03-22,0.4248644094702346,0.005312439173161446
Midwest,2020-03-23,0.522718816202868,0.006957954863130424
Midwest,2020-03-24,0.6428192071312311,0.009335994176337346
Midwest,2020-03-25,0.8100703884466389,0.012405250862213854
Midwest,2020-03-26,1.0213411667133385,0.015760359351340417
Midwest,2020-03-27,1.2876136449642497,0.024659587060007673
Midwest,2020-03-28,1.5764549388523559,0.029191023372003064
Midwest,2020-03-29,1.8599045177666984,0.03412192583648614
Midwest,2020-03-30,2.157936022825006,0.046039779132929726
Midwest,2020-03-31,2.506755833553432,0.05858035515277938
Midwest,2020-04-01,2.9478883414949437,0.07416136373438041
Midwest,2020-04-02,3.3655271311781694,0.08947323395160478
Midwest,2020-04-03,3.8408679094692766,0.10630592943937558
Midwest,2020-04-04,4.325381083090269,0.12118927492609426
Midwest,2020-04-05,4.731544910386681,0.14006446870203887
Midwest,2020-04-06,5.23478064276752,0.16130053283003945
Midwest,2020-04-07,5.73832978231104,0.19339880311344487
Midwest,2020-04-08,6.284179165712239,0.22155782154503112
Midwest,2020-04-09,6.751527827044324,0.25008347844871687
Midwest,2020-04-10,7.303912163069684,0.29186824382916005
Midwest,2020-04-11,7.827156766918253,0.3181749905367859
Midwest,2020-04-12,8.329660764470878,0.33599031097191207
Midwest,2020-04-13,8.831265634518886,0.3614639217610312
Midwest,2020-04-14,9.364371358223531,0.39766661008415694
Midwest,2020-04-15,9.966996403125458,0.4343676371852905
Midwest,2020-04-16,10.601524503676893,0.472633732362177
Midwest,2020-04-17,11.275713129992308,0.503306303700393
Midwest,2020-04-18,12.008880698414085,0.5338659497156945
Midwest,2020-04-19,12.704780088142956,0.5537285882391456
Midwest,2020-04-20,13.314571059061105,0.5801344506727347
Midwest,2020-04-21,13.927231466717272,0.6316664044384505
Midwest,2020-04-22,14.564206928527549,0.667738808106345
Midwest,2020-04-23,15.420408437515123,0.7091975567625389
Midwest,2020-04-24,16.392727726587143,0.7460027724570047
Midwest,2020-04-25,17.406850493342834,0.7838096672707495
Midwest,2020-04-26,18.14865174882647,0.8064818855146794
Midwest,2020-04-27,18.96796350036796,0.8309103365716793
Midwest,2020-04-28,19.773571883911284,0.8764367695873224
Midwest,2020-04-29,20.636439901832055,0.9258197220897505
Midwest,2020-04-30,21.68197808836899,0.9687404398160794
Midwest,2020-05-01,22.904143479210916,1.0110855870568396
Midwest,2020-05-02,24.051411638815427,1.0511829767918563
Midwest,2020-05-03,25.03198056354034,1.0704469747405372
Midwest,2020-05-04,25.942597338648074,1.091445504007055
Midwest,2020-05-05,26.78288949101824,1.13915779006915
Midwest,2020-05-06,27.741907135720755,1.1922178682201525
Midwest,2020-05-07,28.90136188006561,1.2342469214862106
Midwest,2020-05-08,30.28867631827547,1.2693514258675482
Midwest,2020-05-09,31.33346869014399,1.311286932600184
Midwest,2020-05-10,31.982852549719794,1.3294173585682896
Midwest,2020-05-11,32.71748286676083,1.3495026703778972
Midwest,2020-05-12,33.632645161383714,1.3973047307714757
Midwest,2020-05-13,34.44208065528961,1.437466947487692
Midwest,2020-05-14,35.426147673410476,1.480390756425324
Midwest,2020-05-15,36.45328112076606,1.51935151903595
Midwest,2020-05-16,37.40583752669574,1.5488507096174844
Midwest,2020-05-17,38.06088572727595,1.5620493410799343
Midwest,2020-05-18,38.90690966390452,1.5789495667230466
Midwest,2020-05-19,39.62597900837834,1.6239660283623134
Midwest,2020-05-20,40.657063843017006,1.6708936694612788
Midwest,2020-05-21,41.527586637800944,1.7120266384466247
Midwest,2020-05-22,42.609394169329754,1.7467395508717516
Midwest,2020-05-23,43.528186882857106,1.7715448891394334
Midwest,2020-05-24,44.353309648389065,1.7872920241116053
Midwest,2020-05-25,44.989391581882174,1.7987304220359228
Midwest,2020-05-26,45.586179771701666,1.8195284246217214
Midwest,2020-05-27,46.34914220272091,1.8686948593343384
Midwest,2020-05-28,47.109248975229185,1.9017846371327773
Midwest,2020-05-29,48.03149266478935,1.9419048967206756
Midwest,2020-05-30,48.77763164406917,1.9721061178663828
Midwest,2020-05-31,49.35545849769329,1.9866787085369164
Midwest,2020-06-01,49.9899058807155,2.007841737307656
Midwest,2020-06-02,50.575835205250186,2.045759928657953
Midwest,2020-06-03,51.30611611771535,2.066284919967524
Midwest,2020-06-04,52.01071397799495,2.0961734956318603
Midwest,2020-06-05,53.07903671820921,2.1419468108498525
Midwest,2020-06-06,53.6836357734051,2.1646826627765163
Midwest,2020-06-07,54.21975008566688,2.173280328113392
Midwest,2020-06-08,54.73515544546471,2.200148098118439
Midwest,2020-06-09,55.19235038921371,2.2266068402984973
Midwest,2020-06-10,56.12627121215106,2.2551548221214395
Midwest,2020-06-11,56.77005554374324,2.2831645712961297
Midwest,2020-06-12,57.401033626862215,2.304023977244529
Midwest,2020-06-13,57.948660482567014,2.3166966105205207
Midwest,2020-06-14,58.353384565064154,2.322422707685246
Midwest,2020-06-15,58.8189408884198,2.3341926315448145
Midwest,2020-06-16,59.23909260986932,2.3550663846607165
Midwest,2020-06-17,59.86480410676036,2.376701787616078
Midwest,2020-06-18,60.48618993911637,2.401790783725351
Midwest,2020-06-19,61.1480408268538,2.424455982543858
Midwest,2020-06-20,61.664279330184186,2.4396570243081355
Midwest,2020-06-21,62.25047647353396,2.4459840386310043
Midwest,2020-06-22,62.748583938531674,2.4534393340149285
Midwest,2020-06-23,63.207417231144426,2.472167014624519
Midwest,2020-06-24,63.92869841578926,2.4877329485754354
Midwest,2020-06-25,64.66932280624658,2.5044979841986152
Midwest,2020-06-26,65.52393440269438,2.5156933187474033
Midwest,2020-06-27,66.23773760939291,2.529444527453006
Midwest,2020-06-28,66.89491592955274,2.535283535163621
Midwest,2020-06-29,67.63287291951139,2.5436138818039535
Midwest,2020-06-30,68.28205350735425,2.5601411362050586
Midwest,2020-07-01,69.11463664562696,2.572374375374522
Midwest,2020-07-02,69.95471436904792,2.588989172507016
Midwest,2020-07-03,70.98292945267855,2.5967589145850303
Midwest,2020-07-04,71.72623082938907,2.5992600773388523
Midwest,2020-07-05,72.39115164618252,2.6023452276121457
Midwest,2020-07-06,73.17751729759115,2.6081214272704942
Midwest,2020-07-07,73.92605810647484,2.6261554224891337
Midwest,2020-07-08,75.04889564523387,2.6387254202359536
Midwest,2020-07-09,76.16727009923866,2.6503476919451106
Midwest,2020-07-10,77.53347841059156,2.665629589149288
Midwest,2020-07-11,78.55952809052474,2.6775290162089935
Midwest,2020-07-12,79.60311263640943,2.6841341997642565
Midwest,2020-07-13,80.67523807495049,2.6898546164938244
Midwest,2020-07-14,81.60252178729921,2.7003525277707134
Midwest,2020-07-15,82.95395887843435,2.714586536661147
Midwest,2020-07-16,84.13504702078478,2.731424978119114
Midwest,2020-07-17,85.55194408986759,2.7404515944920442
Midwest,2020-07-18,86.60537173487327,2.7509296776553867
Midwest,2020-07-19,87.6430767055161,2.7604030336165226
Midwest,2020-07-20,89.00161299299535,2.7707934813251565
Midwest,2020-07-21,90.09402218272349,2.7853985247440454
Midwest,2020-07-22,91.53516389432862,2.801532649951971
Midwest,2020-07-23,92.91084755443994,2.8191046920170777
Midwest,2020-07-24,94.52120909849893,2.8335999192864243
Midwest,2020-07-25,95.71987294313675,2.8396813502952845
Midwest,2020-07-26,96.99758261072809,2.845359365987513
Midwest,2020-07-27,98.2523553531629,2.8558399557423115
Midwest,2020-07-28,99.35510678913535,2.87400715562948
Midwest,2020-07-29,100.8967739136868,2.897003338907428
Midwest,2020-07-30,102.31288734295526,2.9144956427585806
Midwest,2020-07-31,103.98240969509237,2.933064718161706
Midwest,2020-08-01,105.18218855978712,2.944223077315924
Midwest,2020-08-02,106.24550021954747,2.9528085752856015
Midwest,2020-08-03,107.4477665535169,2.9584711682942237
Midwest,2020-08-04,108.56954378290878,2.9747937493668974
Midwest,2020-08-05,110.04823088278965,2.9917744936005697
Midwest,2020-08-06,111.47338466731657,3.0133042232150857
Midwest,2020-08-07,113.01502555954693,3.0348407421294006
Midwest,2020-08-08,114.22565754238879,3.0483433358327816
Midwest,2020-08-09,115.41785157802404,3.0529603183777807
Midwest,2020-08-10,116.65144619844912,3.060852440349546
Midwest,2020-08-11,117.81087203489318,3.0813322830141487
Midwest,2020-08-12,119.12201179386523,3.1001717929785184
Northeast,2020-02-01,0.0014508517442792552,0.0
Northeast,2020-02-02,0.0014508517442792552,0.0
Northeast,2020-02-03,0.0014508517442792552,0.0
Northeast,2020-02-04,0.0014508517442792552,0.0
Northeast,2020-02-05,0.0014508517442792552,0.0
Northeast,2020-02-06,0.0014508517442792552,0.0
Northeast,2020-02-07,0.0014508517442792552,0.0
Northeast,2020-02-08,0.0014508517442792552,0.0
Northeast,2020-02-09,0.0014508517442792552,0.0
Northeast,2020-02-10,0.0014508517442792552,0.0
Northeast,2020-02-11,0.0014508517442792552,0.0
Northeast,2020-02-12,0.0014508517442792552,0.0
Northeast,2020-02-13,0.0014508517442792552,0.0
Northeast,2020-02-14,0.0014508517442792552,0.0
Northeast,2020-02-15,0.0014508517442792552,0.0
Northeast,2020-02-16,0.0014508517442792552,0.0
Northeast,2020-02-17,0.0014508517442792552,0.0
Northeast,2020-02-18,0.0014508517442792552,0.0
Northeast,2020-02-19,0.0014508517442792552,0.0
Northeast,2020-02-20,0.0014508517442792552,0.0
Northeast,2020-02-21,0.0014508517442792552,0.0
Northeast,2020-02-22,0.0014508517442792552,0.0
Northeast,2020-02-23,0.0014508517442792552,0.0
Northeast,2020-02-24,0.0014508517442792552,0.0
Northeast,2020-02-25,0.0014508517442792552,0.0
Northeast,2020-02-26,0.0014508517442792552,0.0
Northeast,2020-02-27,0.0014508517442792552,0.0
Northeast,2020-02-28,0.0014508517442792552,0.0
Northeast,2020-02-29,0.0014508517442792552,0.0
Northeast,2020-03-01,0.006948067330532059,0.0
Northeast,2020-03-02,0.007412389436111961,0.0
Northeast,2020-03-03,0.009379526614178072,0.0
Northeast,2020-03-04,0.008654071451498399,0.0
Northeast,2020-03-05,0.009410628361284975,0.0
Northeast,2020-03-06,0.012611517045302459,0.0
Northeast,2020-03-07,0.01834815799859862,0.0
Northeast,2020-03-08,0.020556188288081416,0.0
Northeast,2020-03-09,0.02986492491211885,0.0
Northeast,2020-03-10,0.04258397555139323,0.00011258484675513583
Northeast,2020-03-11,0.05324310100391184,0.00010234986068648712
Northeast,2020-03-12,0.06050204014493534,9.382070562927987e-05
Northeast,2020-03-13,0.08448240411340348,9.382070562927987e-05
Northeast,2020-03-14,0.11218352205524995,0.0002733155285405662
Northeast,2020-03-15,0.1431809613767332,0.0004446637631045791
Northeast,2020-03-16,0.187583927471341,0.0007098327032978718
Northeast,2020-03-17,0.26358657934615104,0.0010525291724258977
Northeast,2020-03-18,0.38311954158834194,0.002276558201228771
Northeast,2020-03-19,0.5460033444090214,0.006323893511463342
Northeast,2020-03-20,0.7818248273179944,0.008012553406383566
Northeast,2020-03-21,1.067360935794496,0.011376609250747925
Northeast,2020-03-22,1.4526517806589954,0.014894246638702325
Northeast,2020-03-23,1.9581180720227174,0.02024733489154977
Northeast,2020-03-24,2.4484793988116906,0.03296686352243509
Northeast,2020-03-25,3.149622013318024,0.04338320608434119
Northeast,2020-03-26,3.965966244048714,0.055751852146913326
Northeast,2020-03-27,4.772092407642884,0.07094593905865161
Northeast,2020-03-28,5.8111047237528926,0.09832422359622113
Northeast,2020-03-29,6.739636252094088,0.11664616123799691
Northeast,2020-03-30,7.9396038866308905,0.14330560481805427
Northeast,2020-03-31,9.150029201142525,0.18951663376428993
Northeast,2020-04-01,10.468720781553458,0.23942928785740952
Northeast,2020-04-02,11.75855604965368,0.29716474606801174
Northeast,2020-04-03,13.53773749169422,0.35965864540785536
Northeast,2020-04-04,15.395546025593033,0.4435457110868573
Northeast,2020-04-05,16.78863615122427,0.5051174259507892
Northeast,2020-04-06,18.554145671459562,0.5658730324238033
Northeast,2020-04-07,20.18400588268133,0.6729343791175446
Northeast,2020-04-08,22.263389554880963,0.7839343091531763
Northeast,2020-04-09,24.233646486061726,0.8881252082425369
Northeast,2020-04-10,26.287061599305893,1.0126052767143994
Northeast,2020-04-11,28.340306436704502,1.129007241241279
Northeast,2020-04-12,30.1919101400636,1.2262374263519247
Northeast,2020-04-13,31.942335092567323,1.3173594530629489
Northeast,2020-04-14,33.66458592562966,1.4708404815637337
Northeast,2020-04-15,35.45051027019632,1.6499901522704052
Northeast,2020-04-16,37.51049876303816,1.808938523416346
Northeast,2020-04-17,39.548104762203124,1.9454046931340405
Northeast,2020-04-18,41.487810409932024,2.070795006814247
Northeast,2020-04-19,42.946143537734095,2.168270420958554
Northeast,2020-04-20,44.971577753977996,2.3027069197166323
Northeast,2020-04-21,46.68979814949711,2.4636493710703964
Northeast,2020-04-22,48.836175815464976,2.623693360794065
Northeast,2020-04-23,50.922900919816016,2.759299307286211
Northeast,2020-04-24,53.23606559948894,2.9080241343035755
Northeast,2020-04-25,55.4295128920621,3.05708095643502
Northeast,2020-04-26,57.42638588905562,3.1573133063360435
Northeast,2020-04-27,58.785949419431134,3.2497135905685144
Northeast,2020-04-28,60.37256630856548,3.3852178764333254
Northeast,2020-04-29,61.79316140964525,3.5522842298836035
Northeast,2020-04-30,63.62924572468331,3.717826637964497
Northeast,2020-05-01,65.83357002148776,3.840137498467907
Northeast,2020-05-02,67.47170292497717,3.957612273185105
Northeast,2020-05-03,68.97882774778522,4.063404288676737
Northeast,2020-05-04,70.15131640617838,4.151025228553894
Northeast,2020-05-05,71.44430287647162,4.285206670888869
Northeast,2020-05-06,73.00325251744158,4.460469323313008
Northeast,2020-05-07,74.69183419637596,4.587555607555221
Northeast,2020-05-08,76.27227036634355,4.705772157356644
Northeast,2020-05-09,77.69957657840193,4.809822738592042
Northeast,2020-05-10,79.05330551597669,4.883954012921579
Northeast,2020-05-11,79.97603350350535,4.943881552588854
Northeast,2020-05-12,80.9530609196603,5.037496779381576
Northeast,2020-05-13,82.07285709864395,5.167273664310448
Northeast,2020-05-14,83.48072032790111,5.2878165819737735
Northeast,2020-05-15,84.74495990294847,5.390170500025101
Northeast,2020-05-16,86.08561845063032,5.482409358170541
Northeast,2020-05-17,87.17685561723448,5.557328888270127
Northeast,2020-05-18,88.36157911334638,5.618585020601682
Northeast,2020-05-19,89.51340116603454,5.711838041565263
Northeast,2020-05-20,90.85570769477947,5.796712498486964
Northeast,2020-05-21,92.1605277400737,5.875876085682493
Northeast,2020-05-22,93.21073523074676,5.967496222813728
Northeast,2020-05-23,94.18679361685437,6.039716745333331
Northeast,2020-05-24,95.2236208939839,6.087028456836162
Northeast,2020-05-25,96.01229885333834,6.128325434335391
Northeast,2020-05-26,96.75754652069648,6.181755532567562
Northeast,2020-05-27,97.38087000746391,6.269232410697446
Northeast,2020-05-28,98.30995306908987,6.344156702174784
Northeast,2020-05-29,99.1314670795972,6.42411298091973
Northeast,2020-05-30,100.19156450628917,6.489619449594617
Northeast,2020-05-31,100.92380640881079,6.536949997976747
Northeast,2020-06-01,101.9579562851111,6.579143558153284
Northeast,2020-06-02,102.5829179078,6.6334989542316105
Northeast,2020-06-03,103.21630414980883,6.688942564559979
Northeast,2020-06-04,103.90324707190274,6.75072590381586
Northeast,2020-06-05,104.57101144645532,6.806340416550348
Northeast,2020-06-06,105.1933683589884,6.84158240189786
Northeast,2020-06-07,105.64747252266662,6.876070370888083
Northeast,2020-06-08,106.14897467192252,6.917519833311085
Northeast,2020-06-09,106.60053609347686,6.975077300054619
Northeast,2020-06-10,107.07829823687089,7.019855343110473
Northeast,2020-06-11,107.61952750312626,7.06355345473992
Northeast,2020-06-12,108.16200315355682,7.102955884894848
Northeast,2020-06-13,108.64642882586041,7.143439938693066
Northeast,2020-06-14,108.95878800971599,7.168864572566707
Northeast,2020-06-15,109.36987245344287,7.1975449437865775
Northeast,2020-06-16,109.70057906685545,7.235763359385509
Northeast,2020-06-17,110.0615065404024,7.273267275512188
Northeast,2020-06-18,110.42345105141405,7.307547884390922
Northeast,2020-06-19,110.8877874351563,7.339190956612705
Northeast,2020-06-20,111.2406904571013,7.356325902250189
Northeast,2020-06-21,111.55834007856274,7.370676551716967
Northeast,2020-06-22,111.9170088409964,7.388538891854572
Northeast,2020-06-23,112.2702741136993,7.471400790222766
Northeast,2020-06-24,112.60261610550626,7.504471213537918
Northeast,2020-06-25,113.1843360484028,7.708968621999937
Northeast,2020-06-26,113.51602260018127,7.740269308373829
Northeast,2020-06-27,113.88998678969156,7.757096967227956
Northeast,2020-06-28,114.26304624274825,7.768660748351383
Northeast,2020-06-29,114.72466729128004,7.793911780832922
Northeast,2020-06-30,115.11618520993753,7.832032548483901
Northeast,2020-07-01,115.44995007283664,7.851401854511249
Northeast,2020-07-02,116.0377563550003,7.871843681084254
Northeast,2020-07-03,116.58578401978494,7.89018397434378
Northeast,2020-07-04,116.84673908946004,7.904378518220055
Northeast,2020-07-05,117.18026452589794,7.914711387103434
Northeast,2020-07-06,117.62590860804937,7.923053368292437
Northeast,2020-07-07,118.154382245007,7.946533134943117
Northeast,2020-07-08,118.56974799598437,7.975448118985844
Northeast,2020-07-09,118.99306088165515,7.997278625889117
Northeast,2020-07-10,119.48906191970863,8.012336006252637
Northeast,2020-07-11,119.89460819816352,8.022226173311585
Northeast,2020-07-12,120.25779249238713,8.027274017864267
Northeast,2020-07-13,120.7770029587411,8.045954289050144
Northeast,2020-07-14,121.28445741837223,8.05485689992704
Northeast,2020-07-15,121.81791620264072,8.078323201342581
Northeast,2020-07-16,122.27768210696239,8.093148698692438
Northeast,2020-07-17,122.90038919532017,8.108388372513401
Northeast,2020-07-18,123.35259310474149,8.11940949658468
Northeast,2020-07-19,123.78086427452122,8.125230704658692
Northeast,2020-07-20,124.36312097928678,8.135272998048062
Northeast,2020-07-21,124.9437206678335,8.14948814547966
Northeast,2020-07-22,125.44854864972154,8.155433566382708
Northeast,2020-07-23,125.96363531944851,8.171795492931121
Northeast,2020-07-24,126.86049118851427,8.224855463499685
Northeast,2020-07-25,127.32038853161586,8.232609755732497
Northeast,2020-07-26,127.77847908552852,8.2375274944616
Northeast,2020-07-27,128.60266955542656,8.245844989597934
Northeast,2020-07-28,129.2596393520775,8.258345156351758
Northeast,2020-07-29,129.9003776187103,8.269195675463532
Northeast,2020-07-30,130.52360406608545,8.281973479788554
Northeast,2020-07-31,131.20332963393398,8.292025736529428
Northeast,2020-08-01,131.71932499663538,8.298874839573925
Northeast,2020-08-02,132.16092037920941,8.304654408601484
Northeast,2020-08-03,132.8079879309062,8.312697138809757
Northeast,2020-08-04,133.41496235006218,8.321141517488861
Northeast,2020-08-05,133.97560448869385,8.323506482230862
Northeast,2020-08-06,134.48674518783642,8.331204843213051
Northeast,2020-08-07,135.06962537548546,8.342096925701552
Northeast,2020-08-08,135.49218716988196,8.350725191570564
Northeast,2020-08-09,135.95853755778273,8.356541957218525
Northeast,2020-08-10,136.54299871093636,8.360517781909174
Northeast,2020-08-11,137.1009165208087,8.370576376482548
Northeast,2020-08-12,137.57633782633766,8.381143703431201
Unconnected,2020-03-06,0.007062785336527596,0.0
Unconnected,2020-03-07,0.007062785336527596,0.0
Unconnected,2020-03-08,0.014125570673055192,0.0
Unconnected,2020-03-09,0.014125570673055192,0.0
Unconnected,2020-03-10,0.014125570673055192,0.0
Unconnected,2020-03-11,0.014125570673055192,0.0
Unconnected,2020-03-12,0.013897634867315177,0.0
Unconnected,2020-03-13,0.012396260274139242,0.0
Unconnected,2020-03-14,0.03698088979829921,0.0
Unconnected,2020-03-15,0.07064378143912112,0.0
Unconnected,2020-03-16,0.09904493973269336,0.0
Unconnected,2020-03-17,0.11289698743886054,0.0
Unconnected,2020-03-18,0.20294480235418572,0.0
Unconnected,2020-03-19,0.2741586456380999,0.0
Unconnected,2020-03-20,0.38039145753501813,0.0
Unconnected,2020-03-21,0.43151585724456687,0.0006262340725191581
Unconnected,2020-03-22,0.7972350611818304,0.012691288847867839
Unconnected,2020-03-23,0.8943138990985073,0.013317522920386998
Unconnected,2020-03-24,0.9702858167535686,0.013317522920386998
Unconnected,2020-03-25,1.0313403877696816,0.013317522920386998
Unconnected,2020-03-26,1.2874648877568693,0.013317522920386998
Unconnected,2020-03-27,1.4460286688194204,0.016677696805221187
Unconnected,2020-03-28,1.3900225539791724,0.013898080671017657
Unconnected,2020-03-29,1.532076263949657,0.017220087302145446
Unconnected,2020-03-30,1.7335763948280132,0.017741949029244745
Unconnected,2020-03-31,2.6149404788884274,0.030017015685655176
Unconnected,2020-04-01,2.899908652966472,0.07093723627785317
Unconnected,2020-04-02,3.169757244530258,0.07263622889437374
Unconnected,2020-04-03,3.3006060511347988,0.08543315727788346
Unconnected,2020-04-04,4.162569029841008,0.08927702563611055
Unconnected,2020-04-05,4.652287348966929,0.09377616315665961
Unconnected,2020-04-06,4.745835445980185,0.1110548286623682
Unconnected,2020-04-07,4.950356761346787,0.14139897521467631
Unconnected,2020-04-08,6.494729820466309,0.1441991201187048
Unconnected,2020-04-09,7.955880503249774,0.15007300655201977
Unconnected,2020-04-10,8.397410925027712,0.1555584386934581
Unconnected,2020-04-11,9.525707157989254,0.16945651936447576
Unconnected,2020-04-12,9.983964466407162,0.1716773737080956
Unconnected,2020-04-13,10.034535344039883,0.18225344774798546
Unconnected,2020-04-14,10.152502292823893,0.18453173092491468
Unconnected,2020-04-15,10.504218364954795,0.18766290128751045
Unconnected,2020-04-16,10.971291738658406,0.20585188281219496
Unconnected,2020-04-17,11.139753443854536,0.2224752791555816
Unconnected,2020-04-18,11.292445605587108,0.2235190026097802
Unconnected,2020-04-19,11.390639307821086,0.2147807606843148
Unconnected,2020-04-20,11.465999314917063,0.21530262241141407
Unconnected,2020-04-21,11.722935144903289,0.21817874591735592
Unconnected,2020-04-22,12.336866155756034,0.21974433109865382
Unconnected,2020-04-23,13.194204126973615,0.23174715082193767
Unconnected,2020-04-24,13.425207481740566,0.23709917552815332
Unconnected,2020-04-25,13.474898802837863,0.2569871496693584
Unconnected,2020-04-26,13.546368127283296,0.2575090113964577
Unconnected,2020-04-27,14.731818668524827,0.2598632731753002
Unconnected,2020-04-28,14.810898201070792,0.26090699662949884
Unconnected,2020-04-29,14.919782430264979,0.26090699662949884
Unconnected,2020-04-30,14.972119210486603,0.2640381669920946
Unconnected,2020-05-01,15.012587912143962,0.2650818904462932
Unconnected,2020-05-02,15.131130585167964,0.2656037521733925
Unconnected,2020-05-03,15.174634595093607,0.2678246065170124
Unconnected,2020-05-04,15.216376751506738,0.2678246065170124
Unconnected,2020-05-05,15.247757651979798,0.26886832997121096
Unconnected,2020-05-06,15.303475405136627,0.27114661314814015
Unconnected,2020-05-07,15.37787828192131,0.27271219832943805
Unconnected,2020-05-08,15.48563394485428,0.27532150696493457
Unconnected,2020-05-09,15.52726143137943,0.27584336869203385
Unconnected,2020-05-10,15.543763388623262,0.29298862676251974
Unconnected,2020-05-11,15.66884346622205,0.3096120231059064
Unconnected,2020-05-12,15.70934971322032,0.3101338848330057
Unconnected,2020-05-13,15.728536957701563,0.310655746560105
Unconnected,2020-05-14,15.78879253966501,0.3116994700143036
Unconnected,2020-05-15,15.87237047697336,0.31430877864980006
Unconnected,2020-05-16,15.965789087940385,0.31430877864980006
Unconnected,2020-05-17,16.005825469982184,0.3148306403768994
Unconnected,2020-05-18,16.046059470047325,0.3153525021039987
Unconnected,2020-05-19,16.09681346501118,0.3153525021039987
Unconnected,2020-05-20,16.248432477114566,0.31587436383109796
Unconnected,2020-05-21,16.306968924944027,0.31639622555819724
Unconnected,2020-05-22,16.366697658921396,0.31639622555819724
Unconnected,2020-05-23,16.415796526592413,0.3169180872852966
Unconnected,2020-05-24,16.472296432617043,0.3169180872852966
Unconnected,2020-05-25,16.51618346477188,0.31796181073949514
Unconnected,2020-05-26,16.598912597265112,0.31796181073949514
Unconnected,2020-05-27,16.650518129722503,0.31796181073949514
Unconnected,2020-05-28,16.740167109715475,0.31900553419369376
Unconnected,2020-05-29,16.840210808618878,0.31952739592079304
Unconnected,2020-05-30,16.906588341795604,0.3200492576478924
Unconnected,2020-05-31,17.031988018749175,0.32161484282919023
Unconnected,2020-06-01,17.09855658851631,0.32161484282919023
Unconnected,2020-06-02,17.229341940925092,0.32265856628338885
Unconnected,2020-06-03,17.363433249258783,0.32370228973758747
Unconnected,2020-06-04,17.755657951213326,0.32370228973758747
Unconnected,2020-06-05,17.87710115572261,0.32422415146468675
Unconnected,2020-06-06,18.07236337680928,0.32474601319178603
Unconnected,2020-06-07,18.161052931175547,0.32474601319178603
Unconnected,2020-06-08,18.27670564319058,0.32474601319178603
Unconnected,2020-06-09,18.460105408979395,0.3270242963687152
Unconnected,2020-06-10,18.588907120242403,0.32754615809581455
Unconnected,2020-06-11,18.693991289376306,0.32806801982291384
Unconnected,2020-06-12,18.86667012181971,0.33139002645404164
Unconnected,2020-06-13,19.054563893241543,0.33139002645404164
Unconnected,2020-06-14,19.166513887680004,0.3319118881811409
Unconnected,2020-06-15,19.236325356256724,0.3319118881811409
Unconnected,2020-06-16,19.30248512646755,0.3319118881811409
Unconnected,2020-06-17,19.41139596388321,0.3319118881811409
Unconnected,2020-06-18,19.59808350123431,0.3319118881811409
Unconnected,2020-06-19,19.803317269114718,0.3319118881811409
Unconnected,2020-06-20,20.266686857335298,0.3319118881811409
Unconnected,2020-06-21,20.343886688676097,0.33295561163533954
Unconnected,2020-06-22,20.389376389581106,0.33295561163533954
Unconnected,2020-06-23,20.599393228314582,0.33295561163533954
Unconnected,2020-06-24,20.825652960295514,0.33295561163533954
Unconnected,2020-06-25,21.131917430311564,0.3339993350895381
Unconnected,2020-06-26,21.270392172729178,0.3385559014433965
Unconnected,2020-06-27,21.411838409368166,0.34025489405991705
Unconnected,2020-06-28,21.582993280654417,0.3407767557870164
Unconnected,2020-06-29,21.790079561177222,0.3407767557870164
Unconnected,2020-06-30,22.163065253525694,0.3407767557870164
Unconnected,2020-07-01,22.457554131955103,0.3407767557870164
Unconnected,2020-07-02,22.81602903936428,0.3407767557870164
Unconnected,2020-07-03,23.31698676895057,0.34475403158046614
Unconnected,2020-07-04,23.560505202160886,0.3475541764844946
Unconnected,2020-07-05,23.728981567964542,0.3475541764844946
Unconnected,2020-07-06,24.347718926550826,0.3475541764844946
Unconnected,2020-07-07,24.62701014766606,0.3508761831156224
Unconnected,2020-07-08,25.164867400145653,0.35191990656982103
Unconnected,2020-07-09,25.54026329053324,0.35191990656982103
Unconnected,2020-07-10,26.07586785652324,0.35191990656982103
Unconnected,2020-07-11,26.71706618527865,0.3560948003866154
Unconnected,2020-07-12,27.54467765122516,0.3560948003866154
Unconnected,2020-07-13,28.088314682093397,0.3584490621654579
Unconnected,2020-07-14,28.78800486190086,0.35949278561965653
Unconnected,2020-07-15,29.197068652382676,0.3605365090738551
Unconnected,2020-07-16,29.751816753372193,0.3610583708009544
Unconnected,2020-07-17,30.48587946938897,0.3648448103258722
Unconnected,2020-07-18,31.079964630155644,0.36882208611932193
Unconnected,2020-07-19,31.698920232578235,0.36882208611932193
Unconnected,2020-07-20,32.444464816908344,0.3698658095735205
Unconnected,2020-07-21,33.08648841066401,0.3698658095735205
Unconnected,2020-07-22,33.838194181506886,0.3915102051645555
Unconnected,2020-07-23,34.391621100174355,0.39425292123527467
Unconnected,2020-07-24,35.069572298727145,0.3958185064165725
Unconnected,2020-07-25,35.784170188931675,0.40331540686449474
Unconnected,2020-07-26,36.84634737581022,0.40331540686449474
Unconnected,2020-07-27,37.57514799978299,0.4055936900414239
Unconnected,2020-07-28,38.200972881496156,0.4120468670351475
Unconnected,2020-07-29,38.82894166503755,0.42867026337853414
Unconnected,2020-07-30,39.59689985270883,0.43251413173676123
Unconnected,2020-07-31,40.46569789235816,0.4351234403722577
Unconnected,2020-08-01,41.80048334612551,0.4405328939117827
Unconnected,2020-08-02,42.52172858893198,0.44314220254727915
Unconnected,2020-08-03,43.545010108523435,0.4454204857242084
Unconnected,2020-08-04,44.57475903557733,0.4502506487033247
Unconnected,2020-08-05,45.81280129974937,0.4705270771364064
Unconnected,2020-08-06,46.66627351217163,0.4791436796404405
Unconnected,2020-08-07,47.67764225593857,0.4851509735089782
Unconnected,2020-08-08,48.567702151444045,0.492126012229801
Unconnected,2020-08-09,49.63420577301178,0.49473532086529753
Unconnected,2020-08-10,50.8561102069389,0.49826671353356133
Unconnected,2020-08-11,52.55503612493235,0.5047958691291983
Unconnected,2020-08-12,53.44416565784827,0.5136033079017643
