date,state,fips,cases,deaths,"Case/10,000","Death/10,000",Region
2020-01-26,Arizona,4,1,0,0.001373868499077516,0.0,Southwest
2020-01-27,Arizona,4,1,0,0.001373868499077516,0.0,Southwest
2020-01-28,Arizona,4,1,0,0.001373868499077516,0.0,Southwest
2020-01-29,Arizona,4,1,0,0.001373868499077516,0.0,Southwest
2020-01-30,Arizona,4,1,0,0.001373868499077516,0.0,Southwest
2020-01-31,Arizona,4,1,0,0.001373868499077516,0.0,Southwest
2020-02-01,Arizona,4,1,0,0.001373868499077516,0.0,Southwest
2020-02-02,Arizona,4,1,0,0.001373868499077516,0.0,Southwest
2020-02-03,Arizona,4,1,0,0.001373868499077516,0.0,Southwest
2020-02-04,Arizona,4,1,0,0.001373868499077516,0.0,Southwest
2020-02-05,Arizona,4,1,0,0.001373868499077516,0.0,Southwest
2020-02-06,Arizona,4,1,0,0.001373868499077516,0.0,Southwest
2020-02-07,Arizona,4,1,0,0.001373868499077516,0.0,Southwest
2020-02-08,Arizona,4,1,0,0.001373868499077516,0.0,Southwest
2020-02-09,Arizona,4,1,0,0.001373868499077516,0.0,Southwest
2020-02-10,Arizona,4,1,0,0.001373868499077516,0.0,Southwest
2020-02-11,Arizona,4,1,0,0.001373868499077516,0.0,Southwest
2020-02-12,Arizona,4,1,0,0.001373868499077516,0.0,Southwest
2020-02-12,Texas,48,1,0,0.0003448765705722134,0.0,Southwest
2020-02-13,Arizona,4,1,0,0.001373868499077516,0.0,Southwest
2020-02-13,Texas,48,2,0,0.0006897531411444267,0.0,Southwest
2020-02-14,Arizona,4,1,0,0.001373868499077516,0.0,Southwest
2020-02-14,Texas,48,2,0,0.0006897531411444267,0.0,Southwest
2020-02-15,Arizona,4,1,0,0.001373868499077516,0.0,Southwest
2020-02-15,Texas,48,2,0,0.0006897531411444267,0.0,Southwest
2020-02-16,Arizona,4,1,0,0.001373868499077516,0.0,Southwest
2020-02-16,Texas,48,2,0,0.0006897531411444267,0.0,Southwest
2020-02-17,Arizona,4,1,0,0.001373868499077516,0.0,Southwest
2020-02-17,Texas,48,2,0,0.0006897531411444267,0.0,Southwest
2020-02-18,Arizona,4,1,0,0.001373868499077516,0.0,Southwest
2020-02-18,Texas,48,2,0,0.0006897531411444267,0.0,Southwest
2020-02-19,Arizona,4,1,0,0.001373868499077516,0.0,Southwest
2020-02-19,Texas,48,2,0,0.0006897531411444267,0.0,Southwest
2020-02-20,Arizona,4,1,0,0.001373868499077516,0.0,Southwest
2020-02-20,Texas,48,2,0,0.0006897531411444267,0.0,Southwest
2020-02-21,Arizona,4,1,0,0.001373868499077516,0.0,Southwest
2020-02-21,Texas,48,4,0,0.0013795062822888535,0.0,Southwest
2020-02-22,Arizona,4,1,0,0.001373868499077516,0.0,Southwest
2020-02-22,Texas,48,4,0,0.0013795062822888535,0.0,Southwest
2020-02-23,Arizona,4,1,0,0.001373868499077516,0.0,Southwest
2020-02-23,Texas,48,4,0,0.0013795062822888535,0.0,Southwest
2020-02-24,Arizona,4,1,0,0.001373868499077516,0.0,Southwest
2020-02-24,Texas,48,10,0,0.0034487657057221334,0.0,Southwest
2020-02-25,Arizona,4,1,0,0.001373868499077516,0.0,Southwest
2020-02-25,Texas,48,10,0,0.0034487657057221334,0.0,Southwest
2020-02-26,Arizona,4,1,0,0.001373868499077516,0.0,Southwest
2020-02-26,Texas,48,10,0,0.0034487657057221334,0.0,Southwest
2020-02-27,Arizona,4,1,0,0.001373868499077516,0.0,Southwest
2020-02-27,Texas,48,10,0,0.0034487657057221334,0.0,Southwest
2020-02-28,Arizona,4,1,0,0.001373868499077516,0.0,Southwest
2020-02-28,Texas,48,11,0,0.003793642276294347,0.0,Southwest
2020-02-29,Arizona,4,1,0,0.001373868499077516,0.0,Southwest
2020-02-29,Texas,48,11,0,0.003793642276294347,0.0,Southwest
2020-03-01,Arizona,4,1,0,0.001373868499077516,0.0,Southwest
2020-03-01,Texas,48,11,0,0.003793642276294347,0.0,Southwest
2020-03-02,Arizona,4,1,0,0.001373868499077516,0.0,Southwest
2020-03-02,Texas,48,11,0,0.003793642276294347,0.0,Southwest
2020-03-03,Arizona,4,2,0,0.002747736998155032,0.0,Southwest
2020-03-03,Texas,48,11,0,0.003793642276294347,0.0,Southwest
2020-03-04,Arizona,4,2,0,0.002747736998155032,0.0,Southwest
2020-03-04,Texas,48,12,0,0.00413851884686656,0.0,Southwest
2020-03-05,Arizona,4,2,0,0.002747736998155032,0.0,Southwest
2020-03-05,Texas,48,16,0,0.005518025129155414,0.0,Southwest
2020-03-06,Arizona,4,3,0,0.004121605497232548,0.0,Southwest
2020-03-06,Oklahoma,40,1,0,0.002527185566939965,0.0,Southwest
2020-03-06,Texas,48,19,0,0.006552654840872054,0.0,Southwest
2020-03-07,Arizona,4,5,0,0.0068693424953875796,0.0,Southwest
2020-03-07,Oklahoma,40,1,0,0.002527185566939965,0.0,Southwest
2020-03-07,Texas,48,19,0,0.006552654840872054,0.0,Southwest
2020-03-08,Arizona,4,5,0,0.0068693424953875796,0.0,Southwest
2020-03-08,Oklahoma,40,1,0,0.002527185566939965,0.0,Southwest
2020-03-08,Texas,48,23,0,0.007932161123160907,0.0,Southwest
2020-03-09,Arizona,4,6,0,0.008243210994465096,0.0,Southwest
2020-03-09,Oklahoma,40,1,0,0.002527185566939965,0.0,Southwest
2020-03-09,Texas,48,24,0,0.00827703769373312,0.0,Southwest
2020-03-10,Arizona,4,6,0,0.008243210994465096,0.0,Southwest
2020-03-10,Oklahoma,40,2,0,0.00505437113387993,0.0,Southwest
2020-03-10,Texas,48,31,0,0.010691173687738614,0.0,Southwest
2020-03-11,Arizona,4,9,0,0.012364816491697643,0.0,Southwest
2020-03-11,New Mexico,35,4,0,0.019076424448536338,0.0,Southwest
2020-03-11,Oklahoma,40,2,0,0.00505437113387993,0.0,Southwest
2020-03-11,Texas,48,33,0,0.01138092682888304,0.0,Southwest
2020-03-12,Arizona,4,9,0,0.012364816491697643,0.0,Southwest
2020-03-12,New Mexico,35,6,0,0.02861463667280451,0.0,Southwest
2020-03-12,Oklahoma,40,2,0,0.00505437113387993,0.0,Southwest
2020-03-12,Texas,48,41,0,0.014139939393460747,0.0,Southwest
2020-03-13,Arizona,4,9,0,0.012364816491697643,0.0,Southwest
2020-03-13,New Mexico,35,10,0,0.04769106112134085,0.0,Southwest
2020-03-13,Oklahoma,40,3,0,0.007581556700819895,0.0,Southwest
2020-03-13,Texas,48,58,0,0.020002841093188374,0.0,Southwest
2020-03-14,Arizona,4,12,0,0.016486421988930192,0.0,Southwest
2020-03-14,New Mexico,35,13,0,0.0619983794577431,0.0,Southwest
2020-03-14,Oklahoma,40,4,0,0.01010874226775986,0.0,Southwest
2020-03-14,Texas,48,69,0,0.023796483369482722,0.0,Southwest
2020-03-15,Arizona,4,13,0,0.017860290488007708,0.0,Southwest
2020-03-15,New Mexico,35,17,0,0.08107480390627944,0.0,Southwest
2020-03-15,Oklahoma,40,8,0,0.02021748453551972,0.0,Southwest
2020-03-15,Texas,48,80,0,0.027590125645777067,0.0,Southwest
2020-03-16,Arizona,4,18,0,0.024729632983395287,0.0,Southwest
2020-03-16,New Mexico,35,21,0,0.10015122835481578,0.0,Southwest
2020-03-16,Oklahoma,40,10,0,0.02527185566939965,0.0,Southwest
2020-03-16,Texas,48,87,1,0.03000426163978256,0.0003448765705722134,Southwest
2020-03-17,Arizona,4,20,0,0.027477369981550318,0.0,Southwest
2020-03-17,New Mexico,35,23,0,0.10968944057908395,0.0,Southwest
2020-03-17,Oklahoma,40,18,0,0.04548934020491937,0.0,Southwest
2020-03-17,Texas,48,106,1,0.036556916480654615,0.0003448765705722134,Southwest
2020-03-18,Arizona,4,28,0,0.03846831797417045,0.0,Southwest
2020-03-18,New Mexico,35,28,0,0.13353497113975438,0.0,Southwest
2020-03-18,Oklahoma,40,29,0,0.07328838144125899,0.0,Southwest
2020-03-18,Texas,48,166,2,0.05724951071498741,0.0006897531411444267,Southwest
2020-03-19,Arizona,4,47,0,0.06457181945664325,0.0,Southwest
2020-03-19,New Mexico,35,35,0,0.16691871392469296,0.0,Southwest
2020-03-19,Oklahoma,40,44,1,0.11119616494535846,0.002527185566939965,Southwest
2020-03-19,Texas,48,248,4,0.08552938950190891,0.0013795062822888535,Southwest
2020-03-20,Arizona,4,70,1,0.09617079493542612,0.001373868499077516,Southwest
2020-03-20,New Mexico,35,43,0,0.20507156282176564,0.0,Southwest
2020-03-20,Oklahoma,40,49,1,0.12383209278005829,0.002527185566939965,Southwest
2020-03-20,Texas,48,386,5,0.13312235624087435,0.0017243828528610667,Southwest
2020-03-21,Arizona,4,104,1,0.14288232390406166,0.001373868499077516,Southwest
2020-03-21,New Mexico,35,57,0,0.2718390483916428,0.0,Southwest
2020-03-21,Oklahoma,40,53,1,0.13394083504781815,0.002527185566939965,Southwest
2020-03-21,Texas,48,547,5,0.1886474841030007,0.0017243828528610667,Southwest
2020-03-22,Arizona,4,153,2,0.21020188035885995,0.002747736998155032,Southwest
2020-03-22,New Mexico,35,65,0,0.3099918972887155,0.0,Southwest
2020-03-22,Oklahoma,40,67,2,0.16932143298497765,0.00505437113387993,Southwest
2020-03-22,Texas,48,639,7,0.22037612859564434,0.0024141359940054933,Southwest
2020-03-23,Arizona,4,234,2,0.3214852287841387,0.002747736998155032,Southwest
2020-03-23,New Mexico,35,83,0,0.39583580730712903,0.0,Southwest
2020-03-23,Oklahoma,40,81,2,0.20470203092213718,0.00505437113387993,Southwest
2020-03-23,Texas,48,728,7,0.2510701433765713,0.0024141359940054933,Southwest
2020-03-24,Arizona,4,326,6,0.4478811306992702,0.008243210994465096,Southwest
2020-03-24,New Mexico,35,100,0,0.47691061121340844,0.0,Southwest
2020-03-24,Oklahoma,40,106,3,0.2678816700956363,0.007581556700819895,Southwest
2020-03-24,Texas,48,857,11,0.29555922098038684,0.003793642276294347,Southwest
2020-03-25,Arizona,4,402,6,0.5522951366291614,0.008243210994465096,Southwest
2020-03-25,New Mexico,35,113,1,0.5389089906711516,0.0047691061121340845,Southwest
2020-03-25,Oklahoma,40,164,5,0.41445843297815427,0.012635927834699825,Southwest
2020-03-25,Texas,48,1132,13,0.3904002778877455,0.004483395417438774,Southwest
2020-03-26,Arizona,4,508,8,0.697925197531378,0.010990947992620128,Southwest
2020-03-26,New Mexico,35,136,1,0.6485984312502355,0.0047691061121340845,Southwest
2020-03-26,Oklahoma,40,248,7,0.6267420206011114,0.017690298968579755,Southwest
2020-03-26,Texas,48,1542,21,0.531799671822353,0.0072424079820164805,Southwest
2020-03-27,Arizona,4,665,15,0.9136225518865481,0.02060802748616274,Southwest
2020-03-27,New Mexico,35,191,1,0.9108992674176102,0.0047691061121340845,Southwest
2020-03-27,Oklahoma,40,322,8,0.8137537525546688,0.02021748453551972,Southwest
2020-03-27,Texas,48,1971,25,0.6797517205978325,0.008621914264305334,Southwest
2020-03-28,Arizona,4,773,15,1.06200034978692,0.02060802748616274,Southwest
2020-03-28,New Mexico,35,210,2,1.0015122835481578,0.009538212224268169,Southwest
2020-03-28,Oklahoma,40,377,15,0.9527489587363668,0.03790778350409948,Southwest
2020-03-28,Texas,48,2381,30,0.8211511145324399,0.0103462971171664,Southwest
2020-03-29,Arizona,4,930,18,1.2776977041420898,0.024729632983395287,Southwest
2020-03-29,New Mexico,35,237,2,1.130278148575778,0.009538212224268169,Southwest
2020-03-29,Oklahoma,40,429,16,1.084162608217245,0.04043496907103944,Southwest
2020-03-29,Texas,48,2722,35,0.9387540250975648,0.012070679970027467,Southwest
2020-03-30,Arizona,4,1169,20,1.6060522754216162,0.027477369981550318,Southwest
2020-03-30,New Mexico,35,282,4,1.3448879236218119,0.019076424448536338,Southwest
2020-03-30,Oklahoma,40,481,17,1.2155762576981233,0.04296215463797941,Southwest
2020-03-30,Texas,48,3065,46,1.057046688803834,0.015864322246321814,Southwest
2020-03-31,Arizona,4,1298,24,1.7832813118026156,0.032972843977860385,Southwest
2020-03-31,New Mexico,35,315,5,1.5022684253222367,0.023845530560670423,Southwest
2020-03-31,Oklahoma,40,566,23,1.4303870308880202,0.0581252680396192,Southwest
2020-03-31,Texas,48,3588,57,1.2374171352131016,0.019657964522616162,Southwest
2020-04-01,Arizona,4,1413,29,1.94127618919653,0.03984218647324796,Southwest
2020-04-01,New Mexico,35,363,6,1.7311855187046727,0.02861463667280451,Southwest
2020-04-01,Oklahoma,40,719,30,1.8170464226298348,0.07581556700819896,Southwest
2020-04-01,Texas,48,4402,65,1.5181466636588832,0.022416977087193868,Southwest
2020-04-02,Arizona,4,1600,35,2.1981895985240256,0.04808539746771306,Southwest
2020-04-02,New Mexico,35,403,7,1.9219497631900362,0.033383742784938594,Southwest
2020-04-02,Oklahoma,40,879,34,2.221396113340229,0.08592430927595882,Southwest
2020-04-02,Texas,48,4952,80,1.7078287774736005,0.027590125645777067,Southwest
2020-04-03,Arizona,4,1769,41,2.4303733748681258,0.05632860846217815,Southwest
2020-04-03,New Mexico,35,495,10,2.360707525506372,0.04769106112134085,Southwest
2020-04-03,Oklahoma,40,989,38,2.4993865257036254,0.09603305154371868,Southwest
2020-04-03,Texas,48,5773,98,1.9909724419133876,0.033797903916076906,Southwest
2020-04-04,Arizona,4,2019,53,2.7738404996375046,0.07281503045110835,Southwest
2020-04-04,New Mexico,35,544,11,2.594393725000942,0.05246016723347493,Southwest
2020-04-04,Oklahoma,40,1159,42,2.9290080720834197,0.10614179381147854,Southwest
2020-04-04,Texas,48,6566,124,2.264459562377153,0.04276469475095446,Southwest
2020-04-05,Arizona,4,2269,64,3.117307624406884,0.08792758394096102,Southwest
2020-04-05,New Mexico,35,624,12,2.975922213971669,0.05722927334560902,Southwest
2020-04-05,Oklahoma,40,1251,46,3.1615091442418963,0.1162505360792384,Southwest
2020-04-05,Texas,48,7117,136,2.454486552762442,0.046903213597821014,Southwest
2020-04-06,Arizona,4,2466,67,3.3879597187251544,0.09204918943819357,Southwest
2020-04-06,New Mexico,35,686,12,3.2716067929239823,0.05722927334560902,Southwest
2020-04-06,Oklahoma,40,1326,51,3.351048061762394,0.1288864639139382,Southwest
2020-04-06,Texas,48,8150,159,2.810744050163539,0.05483537472098192,Southwest
2020-04-07,Arizona,4,2577,77,3.5404591221227584,0.10578787442896873,Southwest
2020-04-07,New Mexico,35,794,13,3.786670253034463,0.0619983794577431,Southwest
2020-04-07,Oklahoma,40,1470,67,3.7149627834017487,0.16932143298497765,Southwest
2020-04-07,Texas,48,8968,177,3.092853084891609,0.06104315299128176,Southwest
2020-04-08,Arizona,4,2726,80,3.7451655284853085,0.10990947992620127,Southwest
2020-04-08,New Mexico,35,865,16,4.125276786995983,0.07630569779414535,Southwest
2020-04-08,Oklahoma,40,1523,79,3.8489036184495666,0.19964765978825724,Southwest
2020-04-08,Texas,48,9897,195,3.4132434189531957,0.0672509312615816,Southwest
2020-04-09,Arizona,4,3018,89,4.1463351302159435,0.12227429641789891,Southwest
2020-04-09,New Mexico,35,989,17,4.71664594490061,0.08107480390627944,Southwest
2020-04-09,Oklahoma,40,1683,80,4.253253309159962,0.2021748453551972,Southwest
2020-04-09,Texas,48,11372,228,3.9219363605472104,0.07863185809046465,Southwest
2020-04-10,Arizona,4,3112,97,4.275478769129229,0.13326524441051904,Southwest
2020-04-10,New Mexico,35,1090,19,5.198325662226153,0.0906130161305476,Southwest
2020-04-10,Oklahoma,40,1794,88,4.533770907090298,0.22239232989071692,Southwest
2020-04-10,Texas,48,12291,249,4.238877928903074,0.08587426607248112,Southwest
2020-04-11,Arizona,4,3393,112,4.661535817370011,0.1538732718966818,Southwest
2020-04-11,New Mexico,35,1174,20,5.598930575645415,0.0953821222426817,Southwest
2020-04-11,Oklahoma,40,1868,93,4.720782639043855,0.23502825772541674,Southwest
2020-04-11,Texas,48,13208,265,4.555129744117794,0.09139229120163654,Southwest
2020-04-12,Arizona,4,3539,117,4.862120618235329,0.16074261439206936,Southwest
2020-04-12,New Mexico,35,1245,26,5.937537109606935,0.1239967589154862,Southwest
2020-04-12,Oklahoma,40,1970,96,4.978555566871731,0.24260981442623664,Southwest
2020-04-12,Texas,48,13776,288,4.751019636202811,0.09932445232479745,Southwest
2020-04-13,Arizona,4,3702,122,5.086061183584964,0.16761195688745695,Southwest
2020-04-13,New Mexico,35,1345,31,6.414447720820344,0.14784228947615663,Southwest
2020-04-13,Oklahoma,40,2069,98,5.228746937998788,0.24766418556011657,Southwest
2020-04-13,Texas,48,14487,320,4.996226877879654,0.11036050258310827,Southwest
2020-04-14,Arizona,4,3806,131,5.228943507489026,0.17997677337915458,Southwest
2020-04-14,New Mexico,35,1407,36,6.710132299772657,0.17168782003682703,Southwest
2020-04-14,Oklahoma,40,2184,109,5.519373278196884,0.2754632267964562,Southwest
2020-04-14,Texas,48,15303,365,5.277646159466581,0.12587994825885787,Southwest
2020-04-15,Arizona,4,3962,142,5.4432669933451185,0.19508932686900726,Southwest
2020-04-15,New Mexico,35,1484,36,7.077353470406981,0.17168782003682703,Southwest
2020-04-15,Oklahoma,40,2263,123,5.719020937985141,0.3108438247336157,Southwest
2020-04-15,Texas,48,16106,395,5.554582045636068,0.13622624537602426,Southwest
2020-04-16,Arizona,4,4234,152,5.816959225094203,0.20882801185978242,Southwest
2020-04-16,New Mexico,35,1597,44,7.616262461078133,0.20984066893389972,Southwest
2020-04-16,Oklahoma,40,2357,131,5.956576381277498,0.3310613092691354,Southwest
2020-04-16,Texas,48,16928,428,5.8380705866464275,0.14760717220490732,Southwest
2020-04-17,Arizona,4,4507,174,6.192025325342365,0.23905311883948777,Southwest
2020-04-17,New Mexico,35,1711,51,8.159940557861418,0.24322441171883832,Southwest
2020-04-17,Oklahoma,40,2465,136,6.229512422507014,0.34369723710383526,Southwest
2020-04-17,Texas,48,18131,461,6.2529571010448,0.15898809903379035,Southwest
2020-04-18,Arizona,4,4719,181,6.483285447146797,0.2486701983330304,Southwest
2020-04-18,New Mexico,35,1798,53,8.574852789617085,0.2527626239431065,Southwest
2020-04-18,Oklahoma,40,2570,139,6.494866907035711,0.35127879380465515,Southwest
2020-04-18,Texas,48,18927,487,6.527478851220282,0.1679548898686679,Southwest
2020-04-19,Arizona,4,4929,188,6.771797831953076,0.258287277826573,Southwest
2020-04-19,New Mexico,35,1845,55,8.799000776887386,0.26230083616737465,Southwest
2020-04-19,Oklahoma,40,2599,140,6.568155288476969,0.35380597937159514,Southwest
2020-04-19,Texas,48,19441,503,6.7047454084944,0.1734729149978233,Southwest
2020-04-20,Arizona,4,5064,191,6.9572700793285405,0.2624088833238055,Southwest
2020-04-20,New Mexico,35,1971,58,9.39990814701628,0.2766081545037769,Southwest
2020-04-20,Oklahoma,40,2680,143,6.772857319399106,0.361387536072415,Southwest
2020-04-20,Texas,48,20035,523,6.909602091414294,0.18037044640926758,Southwest
2020-04-21,Arizona,4,5251,213,7.214183488656036,0.2926339903035109,Southwest
2020-04-21,New Mexico,35,2072,65,9.881587864341823,0.3099918972887155,Southwest
2020-04-21,Oklahoma,40,2807,164,7.093809886400482,0.41445843297815427,Southwest
2020-04-21,Texas,48,20949,552,7.224819276917297,0.19037186695586178,Southwest
2020-04-22,Arizona,4,5459,236,7.49994813646416,0.32423296578229377,Southwest
2020-04-22,New Mexico,35,2210,71,10.539724507816327,0.33860653396152,Southwest
2020-04-22,Oklahoma,40,2894,169,7.313675030724259,0.4270943608128541,Southwest
2020-04-22,Texas,48,21769,571,7.507618064786512,0.1969245217967338,Southwest
2020-04-23,Arizona,4,5769,257,7.92584737117819,0.3530842042629216,Southwest
2020-04-23,New Mexico,35,2379,78,11.345703440766988,0.3719902767464586,Southwest
2020-04-23,Oklahoma,40,3017,179,7.6245188554578744,0.4523662164822537,Southwest
2020-04-23,Texas,48,22706,601,7.830767411412676,0.20727081891390023,Southwest
2020-04-24,Arizona,4,6045,268,8.305035076923584,0.3681967577527743,Southwest
2020-04-24,New Mexico,35,2524,84,12.037223827026429,0.40060491341926313,Southwest
2020-04-24,Oklahoma,40,3120,188,7.884818968852691,0.47511088658471345,Southwest
2020-04-24,Texas,48,23650,625,8.156330894032847,0.21554785660763334,Southwest
2020-04-25,Arizona,4,6280,275,8.6278941742068,0.3778138372463169,Southwest
2020-04-25,New Mexico,35,2662,93,12.695360470500933,0.4435268684284699,Southwest
2020-04-25,Oklahoma,40,3193,194,8.069303515239309,0.49027399998635324,Southwest
2020-04-25,Texas,48,24494,662,8.447406719595794,0.22830828971880524,Southwest
2020-04-26,Arizona,4,6526,277,8.965865824979868,0.3805615742444719,Southwest
2020-04-26,New Mexico,35,2728,99,13.010121473901783,0.4721415051012744,Southwest
2020-04-26,Oklahoma,40,3253,195,8.220934649255707,0.49280118555329316,Southwest
2020-04-26,Texas,48,25209,676,8.693993467554927,0.23313656170681624,Southwest
2020-04-27,Arizona,4,6716,277,9.226900839804596,0.3805615742444719,Southwest
2020-04-27,New Mexico,35,2825,104,13.47272476677879,0.4959870356619448,Southwest
2020-04-27,Oklahoma,40,3280,197,8.289168659563085,0.49785555668717313,Southwest
2020-04-27,Texas,48,25963,699,8.954030401766374,0.24106872282997713,Southwest
2020-04-28,Arizona,4,6948,297,9.545638331590581,0.4080389442260222,Southwest
2020-04-28,New Mexico,35,2975,110,14.188090683598901,0.5246016723347493,Southwest
2020-04-28,Oklahoma,40,3410,207,8.617702783265281,0.5231274123565728,Southwest
2020-04-28,Texas,48,26868,738,9.26614369813423,0.25451890908229347,Southwest
2020-04-29,Arizona,4,7202,308,9.894600930356269,0.4231514977158749,Southwest
2020-04-29,New Mexico,35,3213,112,15.323137938286814,0.5341398845590175,Southwest
2020-04-29,Oklahoma,40,3473,214,8.776915473982498,0.5408177113251526,Southwest
2020-04-29,Texas,48,27839,776,9.601018848159848,0.2676242187640376,Southwest
2020-04-30,Arizona,4,7648,320,10.507346280944843,0.4396379197048051,Southwest
2020-04-30,New Mexico,35,3411,123,16.267420948489363,0.5866000517924924,Southwest
2020-04-30,Oklahoma,40,3618,222,9.143357381188794,0.5610351958606723,Southwest
2020-04-30,Texas,48,29072,828,10.026251659675387,0.28555780043379264,Southwest
2020-05-01,Arizona,4,7962,330,10.938740989655182,0.4533766046955803,Southwest
2020-05-01,New Mexico,35,3513,131,16.75386977192704,0.6247529006895651,Southwest
2020-05-01,Oklahoma,40,3748,230,9.471891504890989,0.5812526803961919,Southwest
2020-05-01,Texas,48,30342,853,10.464244904302097,0.294179714698098,Southwest
2020-05-02,Arizona,4,8364,353,11.491036126284344,0.48497558017436315,Southwest
2020-05-02,New Mexico,35,3732,139,17.798304010484404,0.6629057495866377,Southwest
2020-05-02,Oklahoma,40,3851,238,9.732191618285805,0.6014701649317117,Southwest
2020-05-02,Texas,48,31433,875,10.840505242796382,0.3017669992506867,Southwest
2020-05-03,Arizona,4,8640,362,11.870223832029737,0.4973403966660608,Southwest
2020-05-03,New Mexico,35,3850,151,18.361058531716225,0.7201350229322467,Southwest
2020-05-03,Oklahoma,40,3972,238,10.037981071885541,0.6014701649317117,Southwest
2020-05-03,Texas,48,32299,890,11.13916835291192,0.30694014780926987,Southwest
2020-05-04,Arizona,4,8919,362,12.253533143272364,0.4973403966660608,Southwest
2020-05-04,New Mexico,35,4030,156,19.21949763190036,0.7439805534929173,Southwest
2020-05-04,Oklahoma,40,4044,238,10.219938432705218,0.6014701649317117,Southwest
2020-05-04,Texas,48,33134,914,11.427140289339716,0.315217185503003,Southwest
2020-05-05,Arizona,4,9305,395,12.783846383916286,0.5426780571356188,Southwest
2020-05-05,New Mexico,35,4137,162,19.729791985898707,0.7725951901657218,Southwest
2020-05-05,Oklahoma,40,4127,247,10.429694834761236,0.6242148350341714,Southwest
2020-05-05,Texas,48,34286,955,11.824438098638907,0.32935712489646374,Southwest
2020-05-06,Arizona,4,9707,426,13.336141520545446,0.5852679806070218,Southwest
2020-05-06,New Mexico,35,4290,169,20.459465221055222,0.8059789329506603,Southwest
2020-05-06,Oklahoma,40,4201,253,10.616706566714793,0.6393779484358112,Southwest
2020-05-06,Texas,48,35441,985,12.222770537649813,0.33970342201363013,Southwest
2020-05-07,Arizona,4,9945,450,13.663122223325896,0.6182408245848822,Southwest
2020-05-07,New Mexico,35,4492,172,21.422824655706307,0.8202862512870626,Southwest
2020-05-07,Oklahoma,40,4330,260,10.94271350485005,0.657068247404391,Southwest
2020-05-07,Texas,48,36682,1016,12.65076236172993,0.35039459570136877,Southwest
2020-05-08,Arizona,4,10526,517,14.461339821289933,0.7102900140230758,Southwest
2020-05-08,New Mexico,35,4673,181,22.28603286200258,0.8632082062962693,Southwest
2020-05-08,Oklahoma,40,4424,266,11.180268948142405,0.6722313608060307,Southwest
2020-05-08,Texas,48,37943,1059,13.085651717221491,0.3652242882359739,Southwest
2020-05-09,Arizona,4,10960,532,15.057598749889575,0.7308980415092384,Southwest
2020-05-09,New Mexico,35,4778,191,22.786789003776658,0.9108992674176102,Southwest
2020-05-09,Oklahoma,40,4490,270,11.347063195560443,0.6823401030737906,Southwest
2020-05-09,Texas,48,38849,1086,13.398109890159917,0.3745359556414237,Southwest
2020-05-10,Arizona,4,11119,536,15.276043841242899,0.7363935155055485,Southwest
2020-05-10,New Mexico,35,4863,200,23.192163023308055,0.9538212224268169,Southwest
2020-05-10,Oklahoma,40,4589,272,11.5972545666875,0.6873944742076705,Southwest
2020-05-10,Texas,48,40037,1110,13.807823255999706,0.38281299333515684,Southwest
2020-05-11,Arizona,4,11380,542,15.634623519502131,0.7446367265000137,Southwest
2020-05-11,New Mexico,35,5069,208,24.174598882407675,0.9919740713238896,Southwest
2020-05-11,Oklahoma,40,4613,274,11.65790702029406,0.6924488453415504,Southwest
2020-05-11,Texas,48,40988,1137,14.135800874613881,0.3921246607406066,Southwest
2020-05-12,Arizona,4,11736,562,16.123720705173728,0.7721140964815639,Southwest
2020-05-12,New Mexico,35,5212,219,24.85658105644285,1.0444342385573646,Southwest
2020-05-12,Oklahoma,40,4731,278,11.956114917192975,0.7025575876093103,Southwest
2020-05-12,Texas,48,42348,1169,14.604833010592092,0.4031607109989174,Southwest
2020-05-13,Arizona,4,12176,594,16.728222844767835,0.8160778884520444,Southwest
2020-05-13,New Mexico,35,5364,231,25.58148518548723,1.1016635119029736,Southwest
2020-05-13,Oklahoma,40,4852,278,12.26190437079271,0.7025575876093103,Southwest
2020-05-13,Texas,48,43822,1205,15.113181075615534,0.4155762675395171,Southwest
2020-05-14,Arizona,4,12674,624,17.412409357308437,0.8572939434243699,Southwest
2020-05-14,New Mexico,35,5503,242,26.244390935073866,1.1541236791364484,Southwest
2020-05-14,Oklahoma,40,4962,284,12.539894783156107,0.7177207010109501,Southwest
2020-05-14,Texas,48,45169,1256,15.577729816176305,0.43316497263869996,Southwest
2020-05-15,Arizona,4,13169,651,18.092474264351807,0.8943883928994629,Southwest
2020-05-15,New Mexico,35,5662,253,27.002678806903187,1.2065838463699234,Southwest
2020-05-15,Oklahoma,40,5086,285,12.853265793456663,0.7202478865778901,Southwest
2020-05-15,Texas,48,46987,1300,16.20471542147659,0.44833954174387736,Southwest
2020-05-16,Arizona,4,13631,679,18.72720151092562,0.9328567108736333,Southwest
2020-05-16,New Mexico,35,5847,259,27.884963437647993,1.2351984830427278,Southwest
2020-05-16,Oklahoma,40,5237,288,13.234870814064598,0.7278294432787099,Southwest
2020-05-16,Texas,48,47866,1330,16.507861927009564,0.45868583886104375,Southwest
2020-05-17,Arizona,4,13937,680,19.14760527164334,0.9342305793727108,Southwest
2020-05-17,New Mexico,35,5938,265,28.318952093852193,1.2638131197155325,Southwest
2020-05-17,Oklahoma,40,5310,288,13.419355360451215,0.7278294432787099,Southwest
2020-05-17,Texas,48,48828,1356,16.839633187900034,0.4676526296959213,Southwest
2020-05-18,Arizona,4,14170,686,19.4677166319284,0.9424737903671759,Southwest
2020-05-18,New Mexico,35,6096,270,29.07247085956938,1.2876586502762029,Southwest
2020-05-18,Oklahoma,40,5398,288,13.641747690341932,0.7278294432787099,Southwest
2020-05-18,Texas,48,49788,1362,17.17071469564936,0.4697218891193546,Southwest
2020-05-19,Arizona,4,14566,704,20.011768557563098,0.9672034233505712,Southwest
2020-05-19,New Mexico,35,6192,276,29.530305046334252,1.3162732869490072,Southwest
2020-05-19,Oklahoma,40,5489,294,13.871721576933469,0.7429925566803497,Southwest
2020-05-19,Texas,48,51080,1405,17.616295224828658,0.4845515816539598,Southwest
2020-05-20,Arizona,4,14897,747,20.466519030757755,1.0262797688109044,Southwest
2020-05-20,New Mexico,35,6338,283,30.22659453870583,1.3496570297339459,Southwest
2020-05-20,Oklahoma,40,5532,299,13.980390556311887,0.7556284845150496,Southwest
2020-05-20,Texas,48,52369,1443,18.060841124296243,0.49765689133570384,Southwest
2020-05-21,Arizona,4,15315,763,21.040796063372156,1.0482616647961447,Southwest
2020-05-21,New Mexico,35,6472,294,30.865654757731797,1.4021171969674209,Southwest
2020-05-21,Oklahoma,40,5680,304,14.354414020219002,0.7682644123497494,Southwest
2020-05-21,Texas,48,53441,1480,18.430548807949652,0.5104173244468757,Southwest
2020-05-22,Arizona,4,15608,775,21.44333953360187,1.064748086785075,Southwest
2020-05-22,New Mexico,35,6625,302,31.59532799288831,1.4402700458644935,Southwest
2020-05-22,Oklahoma,40,5849,307,14.781508381031855,0.7758459690505692,Southwest
2020-05-22,Texas,48,54369,1498,18.750594265440668,0.5166251027171755,Southwest
2020-05-23,Arizona,4,16040,799,22.036850725203355,1.0977209307629352,Southwest
2020-05-23,New Mexico,35,6795,308,32.4060760319511,1.468884682537298,Southwest
2020-05-23,Oklahoma,40,5960,311,15.062025978962192,0.7859547113183292,Southwest
2020-05-23,Texas,48,55451,1522,19.1237507147998,0.5249021404109088,Southwest
2020-05-24,Arizona,4,16339,800,22.447637406427532,1.0990947992620128,Southwest
2020-05-24,New Mexico,35,6943,317,33.11190373654695,1.511806637546505,Southwest
2020-05-24,Oklahoma,40,6037,311,15.25661926761657,0.7859547113183292,Southwest
2020-05-24,Texas,48,56050,1533,19.330331780572557,0.5286957826872031,Southwest
2020-05-25,Arizona,4,16561,806,22.75263621322274,1.1073380102564778,Southwest
2020-05-25,New Mexico,35,7026,320,33.50773954385408,1.526113955882907,Southwest
2020-05-25,Oklahoma,40,6090,313,15.390560102664388,0.791009082452209,Southwest
2020-05-25,Texas,48,56490,1536,19.482077471624333,0.5297304123989197,Southwest
2020-05-26,Arizona,4,16783,807,23.05763502001795,1.1087118787555554,Southwest
2020-05-26,New Mexico,35,7130,325,34.00372657951603,1.5499594864435775,Southwest
2020-05-26,Oklahoma,40,6137,318,15.509337824310565,0.8036450102869089,Southwest
2020-05-26,Texas,48,57573,1552,19.85557879755404,0.5352484375280752,Southwest
2020-05-27,Arizona,4,17262,831,23.71571803107608,1.1416847227334157,Southwest
2020-05-27,New Mexico,35,7252,329,34.58555752519638,1.569035910892114,Southwest
2020-05-27,Oklahoma,40,6229,322,15.741838896469043,0.8137537525546688,Southwest
2020-05-27,Texas,48,59105,1598,20.38392970367067,0.5511127597743969,Southwest
2020-05-28,Arizona,4,17763,857,24.404026149113914,1.1774053037094312,Southwest
2020-05-28,New Mexico,35,7364,335,35.119697409755396,1.5976505475649183,Southwest
2020-05-28,Oklahoma,40,6270,326,15.84545350471358,0.8238624948224286,Southwest
2020-05-28,Texas,48,60820,1618,20.975393022202017,0.5580102911858412,Southwest
2020-05-29,Arizona,4,18465,885,25.368481835466334,1.2158736216836017,Southwest
2020-05-29,New Mexico,35,7493,344,35.7349120982207,1.6405725025741251,Southwest
2020-05-29,Oklahoma,40,6338,329,16.017302123265498,0.8314440515232485,Southwest
2020-05-29,Texas,48,62073,1645,21.407523365129,0.567321958591291,Southwest
2020-05-30,Arizona,4,19255,903,26.45383794973757,1.240603254666997,Southwest
2020-05-30,New Mexico,35,7624,351,36.35966499891026,1.6739562453590637,Southwest
2020-05-30,Oklahoma,40,6418,334,16.219476968620697,0.8440799793579483,Southwest
2020-05-30,Texas,48,63396,1676,21.863795067996037,0.5780131322790296,Southwest
2020-05-31,Arizona,4,19936,906,27.389442397609358,1.2447248601642293,Southwest
2020-05-31,New Mexico,35,7689,356,36.66965689619898,1.6978017759197341,Southwest
2020-05-31,Oklahoma,40,6506,334,16.441869298511413,0.8440799793579483,Southwest
2020-05-31,Texas,48,64974,1683,22.40801029635899,0.580427268273035,Southwest
2020-06-01,Arizona,4,20123,918,27.646355806936853,1.2612112821531596,Southwest
2020-06-01,New Mexico,35,7800,362,37.19902767464586,1.7264164125925385,Southwest
2020-06-01,Oklahoma,40,6573,334,16.61119073149639,0.8440799793579483,Southwest
2020-06-01,Texas,48,66081,1695,22.78978865998243,0.5845657871199016,Southwest
2020-06-02,Arizona,4,21250,943,29.194705605397214,1.2955579946300975,Southwest
2020-06-02,New Mexico,35,8024,367,38.2673074437639,1.7502619431532092,Southwest
2020-06-02,Oklahoma,40,6692,339,16.911925813962245,0.8567159071926481,Southwest
2020-06-02,Texas,48,67966,1732,23.439880995511054,0.5973262202310735,Southwest
2020-06-03,Arizona,4,22245,983,30.561704761979342,1.3505127345931982,Southwest
2020-06-03,New Mexico,35,8140,375,38.82052375277145,1.7884147920502818,Southwest
2020-06-03,Oklahoma,40,6805,341,17.197497783026463,0.8617702783265281,Southwest
2020-06-03,Texas,48,69546,1766,23.98478597701515,0.6090520236305288,Southwest
2020-06-04,Arizona,4,22818,1000,31.34893141195076,1.3738684990775158,Southwest
2020-06-04,New Mexico,35,8353,383,39.83634335465601,1.8265676409473544,Southwest
2020-06-04,Oklahoma,40,6907,344,17.45527071085434,0.869351835027348,Southwest
2020-06-04,Texas,48,71330,1793,24.600045778915977,0.6183636910359785,Southwest
2020-06-05,Arizona,4,24369,1016,33.479801454019984,1.395850395062756,Southwest
2020-06-05,New Mexico,35,8672,387,41.35768820442678,1.8456440653958908,Southwest
2020-06-05,Oklahoma,40,7004,345,17.700407710847514,0.8718790205942879,Southwest
2020-06-05,Texas,48,73323,1821,25.2873847840664,0.6280202350120005,Southwest
2020-06-06,Arizona,4,25517,1046,35.057002490960976,1.4370664500350816,Southwest
2020-06-06,New Mexico,35,8800,392,41.968133786779944,1.8694895959565612,Southwest
2020-06-06,Oklahoma,40,7060,347,17.841930102596155,0.8769333917281679,Southwest
2020-06-06,Texas,48,75077,1840,25.89229828885006,0.6345728898528725,Southwest
2020-06-07,Arizona,4,26924,1048,36.99003546916304,1.4398141870332366,Southwest
2020-06-07,New Mexico,35,8940,396,42.635808642478715,1.8885660204050976,Southwest
2020-06-07,Oklahoma,40,7151,348,18.07190398918769,0.8794605772951078,Southwest
2020-06-07,Texas,48,75948,1846,26.192685781818458,0.6366421492763058,Southwest
2020-06-08,Arizona,4,27761,1052,38.13996340289092,1.4453096610295468,Southwest
2020-06-08,New Mexico,35,9062,400,43.217639588159074,1.9076424448536338,Southwest
2020-06-08,Oklahoma,40,7206,348,18.21089919536939,0.8794605772951078,Southwest
2020-06-08,Texas,48,77326,1856,26.66792569606697,0.640090914982028,Southwest
2020-06-09,Arizona,4,28396,1074,39.012369899805144,1.475534768009252,Southwest
2020-06-09,New Mexico,35,9105,404,43.42271115098084,1.9267188693021702,Southwest
2020-06-09,Oklahoma,40,7364,353,18.610194514945903,0.8920965051298076,Southwest
2020-06-09,Texas,48,79271,1886,27.338710625829926,0.6504372120991944,Southwest
2020-06-10,Arizona,4,29981,1100,41.189951470843006,1.5112553489852676,Southwest
2020-06-10,New Mexico,35,9250,410,44.11423153724028,1.9553335059749748,Southwest
2020-06-10,Oklahoma,40,7480,355,18.903348040710938,0.8971508762636876,Southwest
2020-06-10,Texas,48,81771,1916,28.200902052260457,0.6607835092163608,Southwest
2020-06-11,Arizona,4,31525,1130,43.31120443341869,1.552471403957593,Southwest
2020-06-11,New Mexico,35,9368,421,44.6769860584721,2.00779367320845,Southwest
2020-06-11,Oklahoma,40,7626,357,19.272317133484172,0.9022052473975676,Southwest
2020-06-11,Texas,48,83772,1942,28.89100006997546,0.6697503000512384,Southwest
2020-06-12,Arizona,4,33167,1157,45.56709650890397,1.589565853432686,Southwest
2020-06-12,New Mexico,35,9526,426,45.43050482418929,2.03163920376912,Southwest
2020-06-12,Oklahoma,40,7848,359,19.833352329344844,0.9072596185314474,Southwest
2020-06-12,Texas,48,86031,1965,29.670076242898087,0.6776824611743992,Southwest
2020-06-13,Arizona,4,34773,1190,47.77352931842246,1.6349035139022439,Southwest
2020-06-13,New Mexico,35,9621,431,45.88356990484203,2.0554847343297906,Southwest
2020-06-13,Oklahoma,40,8073,359,20.401969081906337,0.9072596185314474,Southwest
2020-06-13,Texas,48,88120,1989,30.39052339882344,0.6859594988681323,Southwest
2020-06-14,Arizona,4,35953,1194,49.39469414733393,1.640398987898554,Southwest
2020-06-14,New Mexico,35,9723,435,46.3700187282797,2.0745611587783266,Southwest
2020-06-14,Oklahoma,40,8231,359,20.801264401482854,0.9072596185314474,Southwest
2020-06-14,Texas,48,89542,1995,30.88093788217713,0.6880287582915656,Southwest
2020-06-15,Arizona,4,37005,1204,50.84000380836348,1.6541376728893291,Southwest
2020-06-15,New Mexico,35,9845,440,46.95184967396006,2.098406689338997,Southwest
2020-06-15,Oklahoma,40,8417,359,21.271320916933686,0.9072596185314474,Southwest
2020-06-15,Texas,48,91726,2018,31.63414831230684,0.6959609194147265,Southwest
2020-06-16,Arizona,4,39298,1228,53.99028427674822,1.6871105168671896,Southwest
2020-06-16,New Mexico,35,9933,447,47.37153101182786,2.131790432123936,Southwest
2020-06-16,Oklahoma,40,8645,363,21.847519226196,0.9173683607992074,Southwest
2020-06-16,Texas,48,95973,2057,33.098839107527034,0.7094111056670429,Southwest
2020-06-17,Arizona,4,41159,1252,56.54705355353148,1.7200833608450499,Southwest
2020-06-17,New Mexico,35,10065,452,48.00105301862956,2.1556359626846064,Southwest
2020-06-17,Oklahoma,40,8903,364,22.499533102466508,0.9198955463661473,Southwest
2020-06-17,Texas,48,99466,2099,34.30349296853577,0.7238959216310759,Southwest
2020-06-18,Arizona,4,43731,1287,60.08064333315885,1.768168758312763,Southwest
2020-06-18,New Mexico,35,10153,456,48.42073435649736,2.1747123871331424,Southwest
2020-06-18,Oklahoma,40,9354,366,23.639293793156433,0.9249499175000272,Southwest
2020-06-18,Texas,48,102677,2137,35.41089163664315,0.7370012313128199,Southwest
2020-06-19,Arizona,4,46914,1322,64.45366676572259,1.816254155780476,Southwest
2020-06-19,New Mexico,35,10260,464,48.93102871049571,2.2128652360302152,Southwest
2020-06-19,Oklahoma,40,9706,367,24.5288631127193,0.9274771030669672,Southwest
2020-06-19,Texas,48,107322,2168,37.01284330695108,0.7476924050005586,Southwest
2020-06-20,Arizona,4,50198,1347,68.96545091669314,1.850600868257414,Southwest
2020-06-20,New Mexico,35,10430,466,49.741776749558504,2.222403448254483,Southwest
2020-06-20,Oklahoma,40,10037,368,25.36536153537643,0.9300042886339072,Southwest
2020-06-20,Texas,48,111594,2186,38.48615601643558,0.7539001832708584,Southwest
2020-06-21,Arizona,4,52666,1350,72.35615837241646,1.8547224737546466,Southwest
2020-06-21,New Mexico,35,10565,469,50.385606074696604,2.236710766590886,Southwest
2020-06-21,Oklahoma,40,10515,369,26.573356236373733,0.9325314742008471,Southwest
2020-06-21,Texas,48,114886,2195,39.621489686759304,0.7570040724060083,Southwest
2020-06-22,Arizona,4,54767,1354,75.24265608897832,1.8602179477509566,Southwest
2020-06-22,New Mexico,35,10694,469,51.000820763161904,2.236710766590886,Southwest
2020-06-22,Oklahoma,40,10733,369,27.124282689966645,0.9325314742008471,Southwest
2020-06-22,Texas,48,119646,2213,41.26310216268304,0.7632118506763081,Southwest
2020-06-23,Arizona,4,58397,1398,80.2297987406297,1.9206681617103674,Southwest
2020-06-23,New Mexico,35,10838,476,51.68757204330921,2.2700945093758245,Southwest
2020-06-23,Oklahoma,40,11028,371,27.869802432213934,0.937585845334727,Southwest
2020-06-23,Texas,48,124726,2246,43.01507514118988,0.7745927775051912,Southwest
2020-06-24,Arizona,4,60207,1467,82.71650072396,2.015465088146716,Southwest
2020-06-24,New Mexico,35,10990,480,52.41247617235359,2.2891709338243604,Southwest
2020-06-24,Oklahoma,40,11509,372,29.08537868991206,0.940113030901667,Southwest
2020-06-24,Texas,48,131310,2292,45.28574248183733,0.790457099751513,Southwest
2020-06-25,Arizona,4,63297,1495,86.96175438610953,2.0539334061208865,Southwest
2020-06-25,New Mexico,35,11192,485,53.375835607004674,2.313016464385031,Southwest
2020-06-25,Oklahoma,40,11947,375,30.19228596823176,0.9476945876024869,Southwest
2020-06-25,Texas,48,136783,2321,47.17325195257906,0.8004585202981072,Southwest
2020-06-26,Arizona,4,66676,1537,91.60405604449245,2.111635883082142,Southwest
2020-06-26,New Mexico,35,11408,489,54.40596252722564,2.3320928888335675,Southwest
2020-06-26,Oklahoma,40,12343,377,31.19305145273999,0.9527489587363668,Southwest
2020-06-26,Texas,48,142582,2362,49.173191185327326,0.814598459691568,Southwest
2020-06-27,Arizona,4,70152,1581,96.3796229472859,2.1720860970415528,Southwest
2020-06-27,New Mexico,35,11619,491,55.41224391688593,2.3416311010578355,Southwest
2020-06-27,Oklahoma,40,12642,384,31.94867993725504,0.9704392577049465,Southwest
2020-06-27,Texas,48,148639,2398,51.26210857328322,0.8270140162321676,Southwest
2020-06-28,Arizona,4,73961,1594,101.61268806027216,2.1899463875295604,Southwest
2020-06-28,New Mexico,35,11809,492,56.318374078191404,2.3464002071699697,Southwest
2020-06-28,Oklahoma,40,12944,385,32.71188997847091,0.9729664432718865,Southwest
2020-06-28,Texas,48,152866,2408,52.71990183709197,0.8304627819378897,Southwest
2020-06-29,Arizona,4,74602,1598,102.49333776818085,2.1954418615258704,Southwest
2020-06-29,New Mexico,35,11982,493,57.143429435590605,2.351169313282104,Southwest
2020-06-29,Oklahoma,40,13172,385,33.28808828773322,0.9729664432718865,Southwest
2020-06-29,Texas,48,158756,2430,54.7512248377623,0.8380500664904784,Southwest
2020-06-30,Arizona,4,79399,1645,109.08378495825569,2.2600136809825138,Southwest
2020-06-30,New Mexico,35,12147,497,57.93033194409273,2.37024573773064,Southwest
2020-06-30,Oklahoma,40,13757,387,34.7664918443931,0.9780208144057665,Southwest
2020-06-30,Texas,48,166703,2482,57.49195894409968,0.8559836481602335,Southwest
2020-07-01,Arizona,4,84152,1726,115.61378193437112,2.3712970294077924,Southwest
2020-07-01,New Mexico,35,12276,500,58.54554663255802,2.3845530560670425,Southwest
2020-07-01,Oklahoma,40,14112,389,35.66364272065679,0.9830751855396465,Southwest
2020-07-01,Texas,48,174826,2518,60.29339132685777,0.8683992047008332,Southwest
2020-07-02,Arizona,4,87495,1766,120.20662432678726,2.426251769370893,Southwest
2020-07-02,New Mexico,35,12520,503,59.70920852391874,2.3988603744034447,Southwest
2020-07-02,Oklahoma,40,14539,395,36.74275095774015,0.9982382989412862,Southwest
2020-07-02,Texas,48,182260,2562,62.85720375249161,0.8835737738060107,Southwest
2020-07-03,Arizona,4,91894,1802,126.25027185422925,2.475711035337684,Southwest
2020-07-03,New Mexico,35,12776,511,60.93009968862506,2.437013223300517,Southwest
2020-07-03,Oklahoma,40,15065,398,38.072050565950576,1.005819855642106,Southwest
2020-07-03,Texas,48,190049,2609,65.54344736067857,0.8997829726229046,Southwest
2020-07-04,Arizona,4,94616,1821,129.98994190871824,2.5018145368201563,Southwest
2020-07-04,New Mexico,35,13063,513,62.298833142807545,2.4465514355247855,Southwest
2020-07-04,Oklahoma,40,15645,398,39.53781819477575,1.005819855642106,Southwest
2020-07-04,Texas,48,195707,2646,67.49475899697616,0.9125434057340766,Southwest
2020-07-05,Arizona,4,98126,1829,134.81222034048034,2.5128054848127768,Southwest
2020-07-05,New Mexico,35,13256,513,63.21927062244943,2.4465514355247855,Southwest
2020-07-05,Oklahoma,40,15928,398,40.253011710219766,1.005819855642106,Southwest
2020-07-05,Texas,48,200137,2666,69.02256220461106,0.9194409371455208,Southwest
2020-07-06,Arizona,4,101542,1832,139.50535513332912,2.516927090310009,Southwest
2020-07-06,New Mexico,35,13507,515,64.41631625659508,2.4560896477490535,Southwest
2020-07-06,Oklahoma,40,16362,399,41.34981024627171,1.008347041209046,Southwest
2020-07-06,Texas,48,209350,2726,72.19991004929287,0.9401335313798536,Southwest
2020-07-07,Arizona,4,105159,1933,144.4746374944925,2.6556878087168383,Southwest
2020-07-07,New Mexico,35,13727,519,65.46551960126457,2.47516607219759,Southwest
2020-07-07,Oklahoma,40,17220,404,43.5181354627062,1.020982969043746,Southwest
2020-07-07,Texas,48,219164,2816,75.58452871288857,0.9711724227313528,Southwest
2020-07-08,Arizona,4,108710,1973,149.35324453471677,2.710642548679939,Southwest
2020-07-08,New Mexico,35,14017,527,66.84856037378347,2.5133189210946627,Southwest
2020-07-08,Oklahoma,40,17893,407,45.21893134925679,1.0285645257445657,Southwest
2020-07-08,Texas,48,229116,2935,79.01674034322323,1.0122127346294463,Southwest
2020-07-09,Arizona,4,112783,2047,154.94901093145947,2.812308817611675,Southwest
2020-07-09,New Mexico,35,14251,533,67.96453120402283,2.541933557767467,Southwest
2020-07-09,Oklahoma,40,18496,410,46.74282424612159,1.0361460824453856,Southwest
2020-07-09,Texas,48,240025,3037,82.7789988515955,1.047390144827812,Southwest
2020-07-10,Arizona,4,116947,2093,160.66979936161826,2.875506768569241,Southwest
2020-07-10,New Mexico,35,14549,539,69.3857248254388,2.5705481944402715,Southwest
2020-07-10,Oklahoma,40,19092,416,48.24902684401781,1.0513091958470255,Southwest
2020-07-10,Texas,48,249948,3129,86.20120906138358,1.0791187893204555,Southwest
2020-07-11,Arizona,4,119991,2158,164.85185507281022,2.9648082210092794,Southwest
2020-07-11,New Mexico,35,14773,543,70.45400459455684,2.589624618888808,Southwest
2020-07-11,Oklahoma,40,19779,421,49.98520332850557,1.0639451236817252,Southwest
2020-07-11,Texas,48,258280,3206,89.07472064739126,1.105674285254516,Southwest
2020-07-12,Arizona,4,122479,2239,168.27003989851508,3.076091569434558,Southwest
2020-07-12,New Mexico,35,15028,545,71.67012665315103,2.5991628311130763,Southwest
2020-07-12,Oklahoma,40,20235,422,51.137599947030196,1.0664723092486652,Southwest
2020-07-12,Texas,48,264811,3246,91.32710952979839,1.1194693480774045,Southwest
2020-07-13,Arizona,4,123917,2250,170.24566280018854,3.091204122924411,Southwest
2020-07-13,New Mexico,35,15291,548,72.9244015606423,2.6134701494494785,Southwest
2020-07-13,Oklahoma,40,20745,424,52.42646458616957,1.0715266803825452,Southwest
2020-07-13,Texas,48,273732,3313,94.4037534158731,1.1425760783057428,Southwest
2020-07-14,Arizona,4,128126,2341,176.02827531280582,3.216226156340465,Southwest
2020-07-14,New Mexico,35,15514,551,73.9879122236482,2.6277774677858807,Southwest
2020-07-14,Oklahoma,40,21738,428,54.93595985414096,1.081635422650305,Southwest
2020-07-14,Texas,48,284638,3449,98.16497729453366,1.189479291903564,Southwest
2020-07-15,Arizona,4,131411,2442,180.54143333227546,3.354986874747294,Southwest
2020-07-15,New Mexico,35,15841,557,75.54740992231604,2.656392104458685,Southwest
2020-07-15,Oklahoma,40,22813,432,57.652684338601425,1.0917441649180648,Southwest
2020-07-15,Texas,48,296478,3590,102.24831589010867,1.2381068883542459,Southwest
2020-07-16,Arizona,4,134730,2506,185.10130288071372,3.442914458688255,Southwest
2020-07-16,New Mexico,35,16138,562,76.96383443761985,2.6802376350193557,Southwest
2020-07-16,Oklahoma,40,23441,438,59.239756874639724,1.1069072783197047,Southwest
2020-07-16,Texas,48,311516,3744,107.43456975837361,1.2912178802223668,Southwest
2020-07-17,Arizona,4,138575,2597,190.38382725966676,3.567936492104309,Southwest
2020-07-17,New Mexico,35,16456,565,78.4804101812785,2.694544953355758,Southwest
2020-07-17,Oklahoma,40,24140,445,61.006259585930756,1.1245975772882844,Southwest
2020-07-17,Texas,48,321254,3889,110.79297780260583,1.3412249829553378,Southwest
2020-07-18,Arizona,4,141333,2733,194.17295658012256,3.754782607978851,Southwest
2020-07-18,New Mexico,35,16736,569,79.81575989267604,2.7136213778042944,Southwest
2020-07-18,Oklahoma,40,25056,451,63.32116156524776,1.1397606906899242,Southwest
2020-07-18,Texas,48,330059,3972,113.82961600649416,1.3698497383128314,Southwest
2020-07-19,Arizona,4,143644,2768,197.3479666814907,3.8028680054465642,Southwest
2020-07-19,New Mexico,35,16971,571,80.93649982902755,2.7231595900285623,Southwest
2020-07-19,Oklahoma,40,25265,451,63.849343348738216,1.1397606906899242,Southwest
2020-07-19,Texas,48,338036,4033,116.58069640994871,1.3908872091177364,Southwest
2020-07-20,Arizona,4,145320,2795,199.6505702859446,3.839962454921657,Southwest
2020-07-20,New Mexico,35,17215,578,82.10016172038827,2.756543332813501,Southwest
2020-07-20,Oklahoma,40,25433,452,64.27391052398413,1.1422878762568642,Southwest
2020-07-20,Texas,48,345672,4160,119.21417390283813,1.4346865335804075,Southwest
2020-07-21,Arizona,4,148730,2918,204.33546186779895,4.008948280308191,Southwest
2020-07-21,New Mexico,35,17517,588,83.54043176625277,2.8042343939348418,Southwest
2020-07-21,Oklahoma,40,26326,461,66.53068723526152,1.1650325463593239,Southwest
2020-07-21,Texas,48,355594,4319,122.63603923605564,1.4895219083013895,Southwest
2020-07-22,Arizona,4,150659,2976,206.98565420251947,4.088632653254687,Southwest
2020-07-22,New Mexico,35,17828,591,85.02362376712647,2.818541712271244,Southwest
2020-07-22,Oklahoma,40,27301,474,68.99469316302799,1.1978859587295434,Southwest
2020-07-22,Texas,48,366561,4522,126.4183005855211,1.5595318521275487,Southwest
2020-07-23,Arizona,4,153029,3067,210.24172254533318,4.213654686670742,Southwest
2020-07-23,New Mexico,35,18163,596,86.62127431469138,2.8423872428319146,Southwest
2020-07-23,Oklahoma,40,27969,477,70.68285312174389,1.2054675154303633,Southwest
2020-07-23,Texas,48,376104,4714,129.70945769849172,1.6257481536774137,Southwest
2020-07-24,Arizona,4,156392,3156,214.86204230773086,4.335928983088641,Southwest
2020-07-24,New Mexico,35,18475,601,88.10923542167721,2.8662327733925848,Southwest
2020-07-24,Oklahoma,40,29116,484,73.58153496702403,1.223157814398943,Southwest
2020-07-24,Texas,48,383662,4876,132.31603481887652,1.6816181581101124,Southwest
2020-07-25,Arizona,4,160055,3288,219.8945226198518,4.517279624966872,Southwest
2020-07-25,New Mexico,35,18788,607,89.60196563477518,2.894847410065389,Southwest
2020-07-25,Oklahoma,40,30081,496,76.02026903912109,1.2534840412022228,Southwest
2020-07-25,Texas,48,391609,5002,135.0567689252139,1.7250726060022112,Southwest
2020-07-26,Arizona,4,162041,3313,222.62302545901977,4.55162633744381,Southwest
2020-07-26,New Mexico,35,19053,614,90.86577875449072,2.9282311528503278,Southwest
2020-07-26,Oklahoma,40,31285,496,79.06300046171681,1.2534840412022228,Southwest
2020-07-26,Texas,48,395738,5090,136.48076428510657,1.755421744212566,Southwest
2020-07-27,Arizona,4,163918,3320,225.20177663178825,4.561243416937353,Southwest
2020-07-27,New Mexico,35,19502,619,93.00710739883891,2.9520766834109984,Southwest
2020-07-27,Oklahoma,40,32529,495,82.20681930699013,1.2509568556352828,Southwest
2020-07-27,Texas,48,402295,6292,138.74211995834858,2.1699633820403665,Southwest
2020-07-28,Arizona,4,165994,3424,228.05392763587318,4.704125740841414,Southwest
2020-07-28,New Mexico,35,19791,626,94.38537906524567,2.985460426195937,Southwest
2020-07-28,Oklahoma,40,33757,509,85.3102031831924,1.2863374535724423,Southwest
2020-07-28,Texas,48,412849,6518,142.38194728416772,2.2479054869896866,Southwest
2020-07-29,Arizona,4,168361,3470,231.30587437318965,4.76732369179898,Southwest
2020-07-29,New Mexico,35,20136,632,96.03072067393192,3.0140750628687414,Southwest
2020-07-29,Oklahoma,40,34605,523,87.4532565439575,1.3217180515096016,Southwest
2020-07-29,Texas,48,421891,6834,145.50032123528166,2.356886483290506,Southwest
2020-07-30,Arizona,4,170905,3628,234.80099583484287,4.984394914653228,Southwest
2020-07-30,New Mexico,35,20388,635,97.23253541418971,3.0283823812051436,Southwest
2020-07-30,Oklahoma,40,35710,536,90.24579659542616,1.3545714638798212,Southwest
2020-07-30,Texas,48,432134,6987,149.03289194765284,2.4096525985880546,Southwest
2020-07-31,Arizona,4,174108,3695,239.20149663738815,5.076444104091421,Southwest
2020-07-31,New Mexico,35,20600,642,98.24358590996215,3.061766123990082,Southwest
2020-07-31,Oklahoma,40,36456,541,92.13107702836336,1.367207391714521,Southwest
2020-07-31,Texas,48,441767,7271,152.35508795197498,2.5075975446305634,Southwest
2020-08-01,Arizona,4,177019,3753,243.2008278382028,5.156128477037917,Southwest
2020-08-01,New Mexico,35,20796,651,99.17833070794042,3.1046880789992892,Southwest
2020-08-01,Oklahoma,40,37706,549,95.29005898703832,1.3874248762500407,Southwest
2020-08-01,Texas,48,448224,7477,154.58195596815975,2.5786421181684394,Southwest
2020-08-02,Arizona,4,178473,3769,245.1984326358615,5.1781103730231575,Southwest
2020-08-02,New Mexico,35,21016,654,100.22753405260993,3.1189953973356914,Southwest
2020-08-02,Oklahoma,40,38201,550,96.5410158426736,1.3899520618169807,Southwest
2020-08-02,Texas,48,453291,7518,156.32944555124917,2.5927820575619,Southwest
2020-08-03,Arizona,4,179506,3785,246.61763879540857,5.2000922690083975,Southwest
2020-08-03,New Mexico,35,21130,655,100.77121214939321,3.1237645034478256,Southwest
2020-08-03,Oklahoma,40,38586,551,97.51398228594549,1.3924792473839207,Southwest
2020-08-03,Texas,48,462007,7695,159.33538974035656,2.653825210553182,Southwest
2020-08-04,Arizona,4,180537,3850,248.03409721795748,5.289393721448437,Southwest
2020-08-04,New Mexico,35,21340,658,101.77272443294136,3.138071821784228,Southwest
2020-08-04,Oklahoma,40,39452,566,99.7025249869155,1.4303870308880202,Southwest
2020-08-04,Texas,48,471427,7948,162.58412703514682,2.741078982907952,Southwest
2020-08-05,Arizona,4,182230,3933,250.36005658689572,5.40342480687187,Southwest
2020-08-05,New Mexico,35,21566,667,102.85054241428367,3.1809937767934344,Southwest
2020-08-05,Oklahoma,40,40555,583,102.49001066725029,1.4733491855259997,Southwest
2020-08-05,Texas,48,480789,8149,165.81286148884388,2.8103991735929665,Southwest
2020-08-06,Arizona,4,183744,4005,252.44009349449908,5.502343338805451,Southwest
2020-08-06,New Mexico,35,21773,669,103.83774737949543,3.1905319890177024,Southwest
2020-08-06,Oklahoma,40,41395,593,104.61284654347986,1.4986210411953993,Southwest
2020-08-06,Texas,48,488240,8397,168.38253681617743,2.8959285630948757,Southwest
2020-08-07,Arizona,4,185104,4085,254.3085546532445,5.612252818731653,Southwest
2020-08-07,New Mexico,35,21965,675,104.75341575302517,3.2191466256905072,Southwest
2020-08-07,Oklahoma,40,42234,600,106.73315523414249,1.516311340163979,Southwest
2020-08-07,Texas,48,496237,8675,171.14051475104344,2.991804249713951,Southwest
2020-08-08,Arizona,4,186226,4140,255.85003510920947,5.687815586180916,Southwest
2020-08-08,New Mexico,35,22115,681,105.46878166984528,3.2477612623633116,Southwest
2020-08-08,Oklahoma,40,43070,603,108.8458823681043,1.523892896864799,Southwest
2020-08-08,Texas,48,502533,8879,173.31185763936608,3.0621590701106824,Southwest
2020-08-09,Arizona,4,187086,4152,257.03156201841614,5.704302008169846,Southwest
2020-08-09,New Mexico,35,22315,685,106.4226028922721,3.266837686811848,Southwest
2020-08-09,Oklahoma,40,43561,603,110.08673048147182,1.523892896864799,Southwest
2020-08-09,Texas,48,508190,8978,175.2628243990931,3.0963018505973317,Southwest
2020-08-10,Arizona,4,187634,4157,257.7844419559106,5.711171350665234,Southwest
2020-08-10,New Mexico,35,22444,690,107.0378175807374,3.2906832173725182,Southwest
2020-08-10,Oklahoma,40,43962,605,111.10013189381475,1.5289472679986789,Southwest
2020-08-10,Texas,48,514940,9058,177.59074125045555,3.1238919762431085,Southwest
2020-08-11,Arizona,4,188780,4205,259.35889525585344,5.777117038620955,Southwest
2020-08-11,New Mexico,35,22643,693,107.98686969705207,3.3049905357089204,Southwest
2020-08-11,Oklahoma,40,44725,618,113.02837448138993,1.5618006803688984,Southwest
2020-08-11,Texas,48,522626,9304,180.24146257187357,3.208731612603873,Southwest
